Department,Extracurricular_Activities,Internet_Access_at_Home,Midterm_Score,Assignments_Avg,Projects_Score,Quizzes_Avg,Attendance (%),Phone_Screen_Time (hrs/day),Sleep_Hours_per_Night,Study_Hours_per_Week,Overall_Percentage,Grade
EEE,No,Yes,35,36,31,55,69,5.5703567381005525,6.638811758241028,21.31315792831617,45.2,F
EEE,Yes,No,90,90,94,94,86,3.3383497596813845,6.930796202361122,15.113184639346743,90.8,A+
IT,Yes,No,62,63,63,61,86,2.8513051027589777,4.51988174647525,17.416931839443187,67.0,C
IT,No,No,73,75,70,76,71,1.5571170316042973,7.761588135782176,11.516659564052542,73.0,B
EEE,No,No,60,60,63,62,86,1.8912348357870394,7.128137079539676,29.199236138006366,66.2,C
Civil,Yes,No,60,65,61,64,90,2.598315856153173,4.099237320170263,14.594348258890594,68.0,C
EEE,No,Yes,78,71,76,73,66,7.286866842990151,6.926417362077873,14.174953681705519,72.8,B
IT,No,Yes,52,35,52,33,50,4.302370058048766,6.975448579543993,8.500980781608803,44.4,F
IT,No,No,99,91,95,95,62,6.714700146491436,7.871895061759292,7.210205584141164,88.4,A+
EEE,Yes,Yes,60,60,67,65,99,7.206106207422405,4.09671217501668,14.571630387088472,70.2,C
Mechanical,No,Yes,94,93,92,92,79,5.405790466946838,6.782994755938469,16.36352661919433,90.0,A+
IT,Yes,No,62,63,61,61,61,5.235500396265367,6.754517159602173,12.058158768298561,61.6,C
EEE,Yes,No,78,72,73,73,74,7.040038039904977,5.901664948416057,29.861252213639613,74.0,B
Mechanical,Yes,No,85,85,85,86,65,1.4417445838088236,5.298436674040646,21.8188996561731,81.2,A
Mechanical,Yes,No,97,99,96,98,80,6.799889185342569,7.157171393278743,12.694895792018642,94.0,A+
Civil,Yes,Yes,97,93,90,90,71,6.248955351055264,5.6507013043335865,21.152404375126576,88.2,A+
EEE,Yes,Yes,87,88,82,83,95,6.981608051375247,6.732702252959273,6.308321432516571,87.0,A
Mechanical,Yes,No,98,90,94,98,74,1.8710629010779944,7.8256627902377005,24.949733053584584,90.8,A+
Mechanical,No,Yes,41,38,49,58,52,5.397956213456495,6.936427923524507,20.52185468892003,47.6,F
EEE,Yes,No,37,31,33,47,57,6.016421128357877,5.703892128879653,9.754453388099813,41.0,F
IT,Yes,Yes,87,82,81,86,92,2.884328176313137,7.9290242437464595,14.572575350931146,85.6,A
IT,No,No,32,33,30,31,38,4.995146742832985,5.770420119123733,18.789686473706148,32.8,F
IT,Yes,No,32,46,38,33,51,3.625289061464313,5.474896021103172,9.863249372501329,40.0,F
Mechanical,No,No,71,70,70,73,69,4.7060501837889355,5.58195630473428,13.058461452023591,70.6,B
Mechanical,No,Yes,33,56,41,49,52,7.663773356123821,5.242816874871668,19.51614500899876,46.2,F
EEE,No,Yes,92,95,97,98,66,7.4039213074767005,5.4495755964665324,19.514708756951087,89.6,A+
Mechanical,Yes,No,77,72,76,72,99,3.6616881648937314,7.274170319622012,14.156325149961855,79.2,B
Mechanical,No,No,70,71,76,77,72,6.172620926051093,4.791297715365292,26.08433301687514,73.2,B
Mechanical,No,Yes,80,82,88,84,71,7.4890291207098585,6.593819656725739,14.489983911208308,81.0,A
EEE,No,Yes,93,94,96,90,62,3.7628402676663053,7.3768525629052455,28.250420870270798,87.0,A+
EEE,No,Yes,88,82,84,87,97,3.9284206524563063,5.777582473804323,12.582073485113177,87.6,A
EEE,Yes,Yes,77,72,76,73,96,1.4390551999012116,7.261951062320543,17.36885601089259,78.8,B
Civil,Yes,Yes,83,86,88,86,92,3.663373198451251,4.424502341963982,18.28392079381738,87.0,A
Mechanical,Yes,No,75,70,76,72,72,7.221897582169722,4.193297635421588,19.081396095642084,73.0,B
EEE,No,Yes,72,75,76,70,66,3.5432713289830704,6.005403974534984,6.084929464464022,71.8,B
IT,No,No,87,80,86,81,60,3.8922076204540366,6.703291700416294,21.453995607439335,78.8,A
EEE,No,No,55,42,51,45,59,2.0687826273946652,7.547090034169707,23.297604975325797,50.4,F
IT,Yes,Yes,67,66,61,63,81,6.1030939490507805,5.678689168629074,29.53442760815487,67.6,C
Civil,Yes,No,72,73,74,76,75,1.846998372584465,4.674806571214983,12.89489111270628,74.0,B
Mechanical,Yes,Yes,99,90,94,92,93,2.338822925402107,6.455109675262796,15.887636359953984,93.6,A+
Mechanical,No,Yes,97,90,93,95,84,7.20184423765331,6.463452752729218,10.823986868840844,91.8,A+
Civil,No,Yes,56,42,51,41,45,7.448029963142831,7.536447815601671,7.449868550742826,47.0,F
Mechanical,Yes,Yes,93,95,99,96,86,4.691797354858734,6.877414489476634,27.256451325445052,93.8,A+
EEE,Yes,Yes,84,87,85,84,98,6.481001619430414,7.00061291772605,16.42044511390338,87.6,A
EEE,Yes,No,68,63,68,61,74,2.837567486388193,6.982337352891432,29.441692942476507,66.8,C
Mechanical,Yes,Yes,70,76,72,76,63,4.258539665692358,5.060356675008144,23.357749724577687,71.4,B
IT,Yes,No,86,83,83,82,80,5.017060947739674,6.264073699551284,26.950837821111424,82.8,A
IT,Yes,Yes,75,70,74,72,69,6.247196087845336,5.749390289730379,28.316026563849615,72.0,B
EEE,No,No,98,96,96,95,75,5.875510263589553,5.646644857430113,26.85794012136043,92.0,A+
Civil,Yes,No,46,44,34,42,33,3.9038147032226775,5.734172411215204,16.679353333811164,39.8,F
EEE,No,No,68,66,67,60,84,4.002789865022551,7.459160887999582,22.366800091104988,69.0,C
Mechanical,Yes,No,99,97,97,98,95,6.585399117311258,5.5838818906498195,27.87725171017608,97.2,A+
Civil,Yes,No,64,64,63,60,73,4.598299527747429,5.453388933859378,23.254881654038872,64.8,C
IT,No,Yes,98,96,90,92,83,7.695509788096361,6.950033437836028,13.831285212551604,91.8,A+
Civil,Yes,Yes,72,71,73,72,66,1.3999290354033098,7.575096751047779,18.24522642675135,70.8,B
IT,Yes,Yes,46,49,31,39,64,3.3966723620643187,5.066638633552804,29.621648508621067,45.8,F
Mechanical,No,No,62,67,67,66,61,7.0081660835493365,5.92296364963889,5.074068014009921,64.6,C
Mechanical,No,Yes,32,31,30,41,51,1.6112916079092838,7.704325387147675,16.390063437541553,37.0,F
IT,Yes,Yes,74,74,74,76,64,5.524812156660598,6.181451408534567,6.280158729758227,72.4,B
Mechanical,No,Yes,91,93,90,92,85,7.613153811481558,6.94614091333917,27.074845620744327,90.2,A+
Civil,Yes,Yes,64,61,63,61,82,7.7970362854774935,7.533545948196089,28.638833594186316,66.2,C
IT,No,Yes,85,85,85,85,85,5.459601221983009,7.594670806210655,16.412721383538326,85.0,A
Civil,No,Yes,54,48,32,31,51,5.029629773901986,6.376542335895182,12.8767906678308,43.2,F
Mechanical,Yes,No,70,71,70,76,61,3.6610509937036895,5.348951003343368,22.948425590564238,69.6,B
IT,Yes,No,56,38,42,52,43,7.029850270879269,4.786931465712721,9.010442635815231,46.2,F
EEE,No,Yes,53,34,42,48,65,1.10239977443549,7.51728663706024,8.86430378686919,48.4,F
IT,No,Yes,73,73,76,71,94,1.2492850519098904,5.991905210349573,18.854243040275,77.4,B
IT,No,No,65,63,63,61,88,1.9868553589307987,6.715385540115445,23.68654008704385,68.0,C
Mechanical,Yes,No,93,99,99,91,82,7.400091645923493,4.4710043315605645,19.41291188785634,92.8,A+
EEE,No,No,62,61,65,65,82,7.829363593376249,7.450004163572365,25.244958234344118,67.0,C
Civil,Yes,Yes,66,66,64,67,85,1.9532189965309985,5.001492202827911,18.567531181416125,69.6,C
IT,Yes,Yes,90,96,94,90,76,4.319785146838675,6.2427131797558,20.710661415364676,89.2,A+
EEE,Yes,Yes,65,65,68,64,90,1.546223094576987,7.538898013258259,25.388806350803208,70.4,C
EEE,No,Yes,78,77,76,72,85,7.92663971650607,5.0502894857438285,11.37008165079239,77.6,B
Mechanical,Yes,Yes,85,81,85,80,86,2.3374349754245074,7.1620544301345905,16.348970826196492,83.4,A
Mechanical,No,Yes,95,98,98,91,85,4.481187123182806,4.921003682842059,6.114095586216979,93.4,A+
IT,No,Yes,41,45,35,57,38,4.084575252843747,6.705587945974958,9.384714630498602,43.2,F
Civil,No,Yes,88,83,86,88,61,7.705855472742234,6.012290401086436,7.072864534862029,81.2,A
Civil,Yes,Yes,92,93,97,92,69,6.165421753478178,6.08579609666752,6.7114679833394515,88.6,A+
EEE,No,No,37,34,49,38,50,1.0021681234050415,7.529124380181532,5.492993305107814,41.6,F
Mechanical,No,Yes,93,97,94,91,65,2.463915537549599,6.318599737886954,13.539080261413625,88.0,A+
Mechanical,Yes,Yes,75,76,71,77,66,2.489950602268502,6.675013017799255,18.57195330902013,73.0,B
IT,No,No,67,62,65,65,85,2.9220088697571764,4.129925288143578,25.521332617366582,68.8,C
IT,Yes,No,68,62,61,60,93,3.108843784973538,5.139873062948983,14.741397867579563,68.8,C
IT,Yes,No,52,48,44,37,69,4.441814502236399,7.490448699510341,12.534959435429561,50.0,F
Mechanical,Yes,No,68,65,64,65,60,2.17885564307021,6.911423472200587,9.593473146060697,64.4,C
Mechanical,No,No,30,48,44,30,39,4.292853336267667,5.180912998221855,23.48162876814619,38.2,F
IT,Yes,No,80,83,83,81,97,6.2943398870802065,4.326669103440385,28.10717676986653,84.8,A
Mechanical,Yes,No,90,97,96,91,87,1.3134491535326775,7.047627280529662,28.666110849838656,92.2,A+
Mechanical,No,Yes,51,48,39,36,38,5.703692983464384,4.397846389808759,14.514398534452676,42.4,F
Mechanical,No,Yes,67,67,68,60,87,2.1799840107447896,6.525894268531001,7.141604851174322,69.8,C
IT,Yes,Yes,30,56,35,37,53,3.9039357886687616,6.13863826699634,5.504873077108322,42.2,F
Mechanical,No,Yes,90,91,90,99,99,4.468164724226872,5.545395639393262,16.253110810493993,93.8,A+
Civil,Yes,Yes,97,99,90,97,66,6.165086629930711,7.336578388002703,23.51190329883798,89.8,A+
Civil,Yes,No,43,56,40,58,36,7.8277893432365815,7.980728482499755,6.889896879040032,46.6,F
Civil,No,Yes,41,46,30,51,47,1.4541154648457506,4.76916689292432,6.713149689924704,43.0,F
Civil,Yes,No,80,86,83,88,62,5.327995147096039,7.125848355018837,22.58193069331129,79.8,A
EEE,No,No,68,66,65,64,74,3.8118339799313006,7.196293677944784,18.06743161595925,67.4,C
Civil,No,No,61,60,64,67,69,1.0411569853971565,5.552385694804078,11.940312574033339,64.2,C
EEE,Yes,Yes,34,36,34,44,37,6.70910886361038,6.509782439267768,5.006311362264053,37.0,F
Civil,No,Yes,70,73,72,75,67,2.904018016116928,6.891773697557788,10.154926981380056,71.4,B
Civil,Yes,No,77,74,71,71,94,1.447064613387167,4.126480152949856,11.462514192489849,77.4,B
IT,No,No,80,88,88,87,67,3.6582606604352224,7.205783104891815,14.802339422614317,82.0,A
IT,No,Yes,62,68,62,62,77,7.840690955003143,7.453772534041334,13.07608961546506,66.2,C
Civil,Yes,No,94,91,94,92,82,3.3678417373264384,5.234794973492781,28.675899693468075,90.6,A+
Civil,No,Yes,70,75,77,70,88,1.990648417149721,7.529880779772542,19.55988771021258,76.0,B
IT,No,No,80,86,85,81,91,5.580425217570004,7.49007980731745,11.103689012672682,84.6,A
EEE,Yes,Yes,96,95,98,93,60,1.5395460836602248,5.3615203706667,26.65966285628355,88.4,A+
IT,No,Yes,80,80,83,85,60,5.305488278102886,7.707630248583456,29.05146247353379,77.6,A
Mechanical,No,No,85,80,86,88,64,3.4151178794719628,4.2189308276999435,10.106052659210722,80.6,A
Mechanical,Yes,No,84,86,82,85,96,1.627565618649753,5.349436313429118,7.242522975371145,86.6,A
Civil,No,No,61,66,65,61,75,6.171792061458256,4.846114503453655,14.835887235921506,65.6,C
EEE,No,No,70,76,71,71,99,5.1716356555483,4.125446275218353,9.256728428214856,77.4,B
IT,Yes,Yes,37,39,38,57,37,5.939224789550391,5.430708365223097,23.790769839181685,41.6,F
Civil,No,Yes,85,88,87,88,74,3.13991495067342,6.098002296875906,21.296702341190148,84.4,A
Mechanical,Yes,Yes,90,94,96,97,85,3.743015612316182,7.582699110475115,10.107909584974257,92.4,A+
EEE,No,Yes,72,71,74,72,99,4.7239182278954726,7.236138200961367,24.518318250716742,77.6,B
Mechanical,Yes,Yes,77,78,76,74,94,5.038771173278597,4.608698407527672,9.416075746761738,79.8,B
Civil,No,Yes,94,97,96,97,62,7.342609423368824,4.048627085909548,21.850497976469818,89.2,A+
IT,Yes,No,52,34,47,32,39,3.1189739838698984,5.944180297932917,15.550589149242178,40.8,F
Mechanical,No,No,48,43,38,32,65,4.17960340395041,7.552776903392637,22.36199354883482,45.2,F
Civil,No,No,72,74,77,71,80,7.116752748135774,4.479299034837069,16.277232186670787,74.8,B
Civil,No,No,77,74,77,77,85,4.202981933717801,5.073128782157951,26.05060545162377,78.0,B
Civil,Yes,Yes,83,87,88,82,97,5.31499724160309,5.829772223479553,14.92369932335732,87.4,A
Civil,No,No,97,97,98,97,61,6.070410844306778,6.983013516304505,18.948186128767517,90.0,A+
IT,Yes,No,66,60,68,63,65,3.5153463957108175,4.22969391760898,20.991549601163523,64.4,C
EEE,Yes,No,84,84,86,83,88,3.4259113187158334,5.630863082660901,8.139139465931285,85.0,A
Mechanical,No,Yes,71,70,73,78,71,7.225231319498237,6.0775907411338705,19.125813124398746,72.6,B
IT,Yes,No,72,75,70,75,87,3.4880567650717196,5.006052158705604,22.36679323992394,75.8,B
EEE,Yes,No,96,90,94,96,91,2.7386338225886013,4.857625931972658,11.770158200924314,93.4,A+
Civil,No,No,50,48,37,34,55,6.142581484971448,7.711084393627276,20.724709680608804,44.8,F
IT,Yes,No,54,49,58,49,46,7.741285479149359,7.2406149411067915,5.35216030407175,51.2,F
Mechanical,No,Yes,87,81,83,86,71,3.8757147689719944,4.87079919542893,29.150536478255212,81.6,A
Mechanical,Yes,No,84,86,82,84,90,3.299907049200589,4.217864189467351,9.561451016312251,85.2,A
IT,Yes,Yes,78,71,72,70,98,5.6294509791389675,5.5679921755565935,14.217573100099033,77.8,B
EEE,No,Yes,67,67,67,62,65,2.2228974115664695,6.061989903907962,11.537322593190485,65.6,C
EEE,Yes,No,36,58,41,33,53,2.397617806542848,4.162799181015231,17.205249456912295,44.2,F
EEE,Yes,Yes,47,51,35,36,59,6.249135182185718,7.7855273899522155,14.445457096122626,45.6,F
EEE,No,No,39,36,34,42,51,1.6861640840805232,4.509005919135824,6.541655182685103,40.4,F
EEE,No,No,66,67,62,61,97,7.200331858788335,5.693153953679346,24.348126420138716,70.6,C
EEE,No,Yes,63,66,68,64,79,3.3486938394492887,5.349571324995066,8.070999471427605,68.0,C
Mechanical,Yes,No,99,99,91,95,97,6.875369446492016,4.015279690634332,11.170596730047556,96.2,A+
IT,Yes,No,53,31,47,41,64,3.9882068699641615,5.547080939526728,24.139751594776506,47.2,F
EEE,No,Yes,75,70,74,76,79,3.7557732019342898,4.7674927376180065,6.5304164535893,74.8,B
IT,No,No,63,62,60,61,94,2.789494205161426,5.188080915243265,24.2134524252854,68.0,C
Civil,Yes,No,88,86,86,85,62,2.446067113552466,5.253065906322441,20.901710508805643,81.4,A
IT,Yes,Yes,82,87,83,87,75,2.630154023062705,4.627041714606557,22.085735378931762,82.8,A
EEE,Yes,Yes,62,61,61,63,93,6.203094206148854,4.867772901629344,6.529293879148594,68.0,C
EEE,No,No,93,90,94,99,64,1.5642105962998727,6.911757227895061,17.411528808882494,88.0,A+
Civil,Yes,No,94,95,95,97,84,2.5484660927372156,7.9506720319865885,28.601483492165332,93.0,A+
IT,Yes,No,42,57,49,52,59,2.577358380180296,7.8971502240504,14.758497850298852,51.8,F
IT,No,Yes,75,72,72,72,62,2.8947222417570257,4.116682674296298,20.127540555928768,70.6,B
Mechanical,Yes,No,86,83,87,83,97,4.48833119805966,6.412981690736119,10.681526338991556,87.2,A
Mechanical,No,No,73,77,78,78,62,3.6386498018039046,4.401469980380216,20.844475988581266,73.6,B
IT,No,No,98,98,90,92,68,5.002664145250076,7.628799286242489,28.574595420401064,89.2,A+
EEE,No,Yes,94,99,91,95,96,7.261359516776472,7.965901340580192,6.537925655980876,95.0,A+
IT,No,Yes,87,86,82,88,93,1.2991772424336596,7.458609418410983,7.96651536186347,87.2,A
Mechanical,No,No,42,44,56,55,41,4.449242272905364,7.556856053696763,13.659982994071308,47.6,F
IT,No,No,84,85,84,81,89,3.7148398869976607,5.151518712278723,23.11740635654561,84.6,A
EEE,Yes,Yes,44,54,48,32,60,7.65684904250632,7.753018310860682,5.310242876503988,47.6,F
IT,Yes,No,87,88,81,84,89,5.075662141618104,5.19949707377626,5.860080211336456,85.8,A
Civil,Yes,Yes,70,70,70,75,84,7.1670285937029545,6.109983778233046,25.6209289848935,73.8,B
EEE,No,Yes,98,91,94,92,81,7.07927583128539,5.949724792998055,27.363805672352285,91.2,A+
EEE,No,No,77,75,74,71,60,3.6795601570174514,6.356533612624153,21.191733903020648,71.4,B
Mechanical,No,Yes,45,47,57,42,30,6.9918310227660045,7.578232011509531,21.218337061134953,44.2,F
Civil,No,Yes,60,61,61,63,67,6.56310538515395,7.850962344227379,6.797153071305091,62.4,C
Mechanical,Yes,Yes,44,39,33,39,34,5.741627427107752,6.911022869314339,22.07354236563326,37.8,F
IT,No,No,61,62,61,66,73,5.164412146432101,5.299296438994219,5.63428720105789,64.6,C
Mechanical,No,No,90,90,96,97,78,4.5855534456887215,6.720911116833413,6.041822515059607,90.2,A+
IT,Yes,No,46,33,39,46,65,7.8672703867684834,4.080058772691731,18.661671275017447,45.8,F
IT,Yes,No,75,74,73,70,75,1.8284173360251454,7.985802020400357,24.68125756673407,73.4,B
Mechanical,Yes,Yes,87,81,88,84,69,1.3556181278225958,5.873202365825541,26.328204297755914,81.8,A
Mechanical,No,No,53,31,51,30,43,2.0411905691004826,6.307158833988945,23.485286386417286,41.6,F
EEE,No,Yes,30,31,31,36,60,1.8068146031822576,5.199773027255166,29.88371991068049,37.6,F
Civil,No,No,86,88,87,84,89,1.4691157642584698,7.901372533916282,25.42434768179592,86.8,A
IT,No,Yes,63,68,61,68,69,1.5177423108966916,4.6999873150023355,27.242343133189,65.8,C
Civil,No,No,88,85,86,81,69,2.6387186547944843,4.239700621284326,17.939986626345195,81.8,A
IT,No,No,66,66,61,61,69,7.095084146565369,6.536121570420134,26.09130641321244,64.6,C
EEE,Yes,Yes,78,71,76,74,81,1.839216220386918,5.934088269459886,22.136013059282284,76.0,B
EEE,No,Yes,49,43,47,58,51,2.703467458235191,4.160466313154062,29.635934609241506,49.6,F
Mechanical,Yes,Yes,65,64,64,65,97,7.881563121671003,6.318631854705265,5.027175495123314,71.0,C
EEE,No,Yes,82,86,83,85,73,7.520432708432482,7.633640429074278,24.532266185142305,81.8,A
IT,No,Yes,31,53,30,55,47,7.649318160936743,4.436788397701386,16.5373949612834,43.2,F
Mechanical,No,No,77,75,75,73,70,6.349719345966661,6.330215348167976,6.775169505564714,74.0,B
Mechanical,Yes,Yes,71,74,73,78,71,5.5223286086761725,4.6024438122740765,28.316202513561965,73.4,B
Civil,No,No,87,85,85,87,60,2.46514253083946,4.290089267817926,22.582001351056263,80.8,A
EEE,Yes,No,45,49,47,44,35,1.0412785802575073,4.140126611762467,21.595661535562822,44.0,F
EEE,No,No,35,38,47,49,31,4.464381233436624,5.885472622805962,28.90647995068453,40.0,F
Mechanical,No,No,75,71,76,72,98,3.028163203702225,5.078042484873189,8.621320681706102,78.4,B
Mechanical,Yes,No,60,62,66,60,60,4.377160292667823,6.389397203911413,16.811552847872264,61.6,C
Civil,No,Yes,85,86,80,85,82,2.9761968394750413,6.341187313337246,11.410325692473545,83.6,A
IT,No,No,93,97,90,95,67,2.994356150716726,5.851407820063402,15.963462213435887,88.4,A+
IT,No,Yes,62,66,66,60,67,7.232201193495559,6.199953663463812,15.335414379347718,64.2,C
Civil,Yes,Yes,96,98,99,94,69,5.901763716111647,6.343240583887608,19.661977304717674,91.2,A+
Civil,Yes,No,98,96,94,99,98,4.090713509613639,7.5508167310331995,13.772875313801967,97.0,A+
Mechanical,No,Yes,86,87,80,80,95,1.629413714017916,4.772997660936673,6.263979698988473,85.6,A
Civil,No,No,77,71,75,78,76,2.0276114222779746,5.915975734557241,5.435763637551148,75.4,B
Mechanical,Yes,Yes,78,70,73,77,69,4.12717667717975,5.371866078800313,8.456139140851427,73.4,B
Civil,Yes,No,86,88,87,88,99,5.313280756488181,7.843317668320754,27.571700585803754,89.6,A
EEE,No,Yes,64,65,63,61,61,4.638197405060871,6.7271872451375465,16.2370491296357,62.8,C
IT,No,No,37,43,39,56,37,2.609476144818924,5.351605703100253,29.954368447311627,42.4,F
IT,Yes,No,88,83,80,82,64,6.654024739870358,7.5436559819896996,25.40197605858378,79.4,A
IT,Yes,Yes,98,99,91,91,65,3.8483557250600944,7.483013801349037,24.559637101456836,88.8,A+
IT,No,No,85,82,84,88,77,1.3559739654507479,7.4542272119932385,13.523695041065244,83.2,A
Mechanical,Yes,No,87,87,86,80,95,7.827612940024946,4.6804616692371255,27.45595159883088,87.0,A
Civil,Yes,Yes,91,99,98,94,63,3.431403283811899,7.59933338274909,5.545584919387237,89.0,A+
EEE,No,Yes,64,60,66,67,82,4.16704146582285,7.906172425378255,6.245007072359419,67.8,C
EEE,Yes,No,62,60,60,65,78,2.152582817792207,4.022376623527478,6.069581706181697,65.0,C
EEE,No,Yes,70,78,74,74,88,5.131618381844511,6.781096531777667,13.596339388564484,76.8,B
EEE,No,Yes,93,97,95,97,92,7.549444959546633,7.141362604455774,21.724706367855717,94.8,A+
IT,Yes,Yes,39,46,33,46,33,3.6666203387166494,5.63013752061458,17.12775349295432,39.4,F
Mechanical,Yes,Yes,94,95,92,94,82,6.299568414297191,5.511402197103146,11.027120808240795,91.4,A+
EEE,No,Yes,93,92,90,92,77,6.547649743740434,5.845782047549251,23.27045071779522,88.8,A+
EEE,No,Yes,96,98,90,96,83,5.222535871493606,5.3489085310216815,27.638119808241846,92.6,A+
Civil,Yes,No,86,80,86,80,96,5.083983506008638,5.8504412130279135,25.457512735984544,85.6,A
Mechanical,Yes,Yes,48,49,56,38,46,6.691608748796737,5.220436760848329,19.66607531114086,47.4,F
Civil,No,Yes,76,78,72,70,88,7.003591917692791,7.590035340433416,28.667697875847203,76.8,B
Civil,Yes,Yes,95,97,90,91,78,1.3960995930270093,5.495684188051254,28.611214567357585,90.2,A+
EEE,No,No,84,85,87,87,94,4.414840229808087,4.329089297108247,16.489601430340578,87.4,A
Mechanical,No,Yes,64,68,66,61,70,6.780309203318778,5.4065909364556175,27.646910552405014,65.8,C
Civil,No,No,74,73,78,75,86,3.9084537768714003,5.611104537393333,5.905181537184624,77.2,B
EEE,No,Yes,90,92,93,96,85,2.132349479464767,7.145103827028378,19.364684557944166,91.2,A+
Civil,Yes,Yes,85,86,81,88,69,6.5432392665701045,7.246288017406192,17.056850002038587,81.8,A
Civil,Yes,No,71,77,75,74,98,1.9512030508931595,4.266511993641499,29.40199215553669,79.0,B
IT,No,No,37,53,47,54,49,1.225374954611358,6.475689424938887,6.38476825052348,48.0,F
EEE,Yes,Yes,43,34,38,36,51,5.666532259894942,7.271496254361891,14.358426574004906,40.4,F
EEE,No,No,83,85,80,83,72,4.801150016067349,5.387543905457543,15.891119761412746,80.6,A
Mechanical,No,Yes,95,99,91,94,66,2.040639094271791,5.6584964949080945,7.1337417019660965,89.0,A+
Civil,Yes,No,57,35,57,55,32,6.636951497298885,4.557613768046019,15.466615336546816,47.2,F
IT,No,No,99,91,91,92,85,6.573690153789579,5.087784157673795,22.30897306152645,91.6,A+
IT,No,No,36,42,57,40,39,4.278138411650439,5.655394978288668,19.452372686492723,42.8,F
EEE,Yes,No,93,91,92,96,83,4.795660438442938,6.361390761835091,17.709013672907,91.0,A+
EEE,Yes,Yes,38,35,57,44,52,5.2184304489994435,4.7381402029465765,11.830087651255813,45.2,F
IT,Yes,Yes,67,65,64,62,78,4.293790402321827,4.372855703570794,6.148250805727249,67.2,C
EEE,No,No,32,39,49,31,56,4.449775531296401,6.29146401586741,9.160504638061314,41.4,F
Mechanical,Yes,No,96,99,99,91,68,1.2969560874482418,5.061304550221868,20.038846982495603,90.6,A+
Civil,Yes,No,78,72,70,70,72,1.7264229604431849,7.251713621575748,5.971842425417233,72.4,B
Civil,Yes,Yes,78,76,70,71,91,1.7206230129020033,6.8760912817344035,17.597219919781836,77.2,B
Mechanical,Yes,No,64,67,68,66,60,5.444399647184449,7.425197306864468,17.265242207793484,65.0,C
Civil,No,Yes,86,82,85,88,94,7.131334474999262,7.621195996042061,17.3239242913965,87.0,A
IT,No,Yes,87,85,84,87,78,5.358027784829472,4.040187924219326,9.871012291384103,84.2,A
Mechanical,No,No,62,62,61,67,96,6.098529119157058,7.587316179362828,6.3163939862769976,69.6,C
EEE,No,Yes,80,82,84,82,94,5.939447774582871,7.688767712205137,8.549856483802117,84.4,A
EEE,No,No,70,71,74,77,92,6.384753914691107,6.386891960424869,13.430050879223819,76.8,B
EEE,Yes,Yes,60,64,62,66,88,2.180225629677796,7.165190983135782,21.209326892951534,68.0,C
IT,Yes,No,90,96,97,92,93,7.557808175273306,6.930288388841001,10.373509464768919,93.6,A+
Civil,Yes,Yes,78,72,75,76,73,7.776785654842816,7.118211475181047,5.5612312107831166,74.8,B
EEE,No,Yes,55,30,52,52,35,3.9053184576773017,4.859384046545015,20.772760771543616,44.8,F
Mechanical,Yes,Yes,78,72,73,70,73,4.132989653555805,7.317715481735919,12.566980259468867,73.2,B
Mechanical,No,Yes,60,63,65,67,93,6.9600708743178,7.625016946951472,17.659291838628633,69.6,C
EEE,No,No,77,75,76,71,67,2.531560461037058,6.087739856258308,8.883582562750423,73.2,B
IT,Yes,Yes,91,96,91,91,93,6.2405166388834,5.270347181044467,5.003367325112133,92.4,A+
IT,Yes,No,75,70,70,75,88,5.886520369350542,5.5518086746195685,8.997831125603188,75.6,B
Civil,No,No,84,87,82,86,90,3.264712887398441,6.660223956026524,18.914460712553833,85.8,A
Mechanical,No,Yes,64,61,64,66,63,6.89547056147182,6.592672195918174,15.100502571570338,63.6,C
IT,No,Yes,75,71,76,73,72,4.938428171071719,4.538862923478903,8.772899567838245,73.4,B
Mechanical,No,Yes,80,86,82,87,95,3.3745420887424866,6.1783817948429975,6.026704319760135,86.0,A
EEE,No,Yes,82,87,84,81,78,6.962921480872215,7.2687642029065636,5.341542136765235,82.4,A
Civil,Yes,Yes,33,39,30,40,38,5.910638439782703,5.551722150619488,5.004387896448082,36.0,F
Civil,No,Yes,68,60,65,60,81,3.2678327459307726,6.7155129295623865,19.079952311204032,66.8,C
IT,No,Yes,94,95,93,99,93,7.905606741550858,6.423099277427548,10.930669793399861,94.8,A+
Civil,Yes,No,37,42,47,51,46,2.723433379561471,5.174448660258999,20.197723690173525,44.6,F
Civil,No,Yes,93,93,90,97,75,3.365966097960751,5.502331810559776,7.349548496021725,89.6,A+
EEE,No,No,61,67,62,68,85,3.879423742170503,4.973478853625505,8.229597945218737,68.6,C
Civil,No,Yes,74,77,77,76,65,7.512566605310706,5.458559964055132,26.441509926056412,73.8,B
EEE,No,No,64,60,66,66,97,7.023676582504259,4.522881275800385,13.143425561260816,70.6,C
IT,No,No,92,92,99,98,79,3.030318723737058,7.485656136763417,21.81757485522245,92.0,A+
Civil,Yes,No,95,97,96,98,79,5.564862718713065,5.248592226785789,14.976148653427778,93.0,A+
Mechanical,No,No,96,92,98,92,80,2.8577118643173622,4.711065551404992,22.290451389232985,91.6,A+
Mechanical,No,No,71,75,72,75,87,4.135826344969686,4.755477531262194,11.714979037527147,76.0,B
Civil,Yes,No,63,64,62,60,81,6.933279619509545,4.842721589310251,20.607260019581744,66.0,C
Civil,No,No,45,50,41,57,53,4.0010132309350395,4.312822627644379,8.040474659081074,49.2,F
Civil,Yes,Yes,86,88,86,85,76,2.2636275987469654,5.049882340485058,18.131460469539583,84.2,A
IT,No,Yes,39,54,41,55,64,4.736434756145263,7.82114478400729,12.492294146864115,50.6,F
Mechanical,No,No,58,34,41,38,48,4.551000287034443,6.836441451831092,15.249532983907066,43.8,F
Civil,No,No,46,57,41,33,53,5.196231730506598,5.124217484695274,12.181645774793699,46.0,F
IT,Yes,Yes,84,88,83,87,97,6.484510518115362,4.042052898166614,24.0472473594371,87.8,A
EEE,No,No,82,86,80,85,78,6.9367646451094105,7.788645851600991,27.12137794240011,82.2,A
EEE,No,Yes,62,61,68,60,98,4.953944196997021,6.81336381807573,10.0619641035345,69.8,C
Mechanical,Yes,No,96,96,90,98,77,4.22377648091898,7.367994211560246,23.21226692904033,91.4,A+
Civil,Yes,No,58,39,54,52,34,2.118498934794993,5.532153401673048,8.888502287512182,47.4,F
IT,Yes,No,68,61,67,62,76,3.8803929848341094,6.860405355049869,17.175384792506826,66.8,C
Mechanical,Yes,No,87,80,82,80,61,2.580877425563744,4.704099020164535,26.655821756691758,78.0,A
IT,No,Yes,66,65,67,68,87,6.478585077389057,7.354139630614947,19.59330625400312,70.6,C
Mechanical,No,No,62,61,66,66,68,5.536810909992868,5.457163018694316,10.76376622675917,64.6,C
Mechanical,Yes,No,98,93,95,90,68,5.21947317416309,5.0838305700605195,8.329628130593743,88.8,A+
IT,Yes,No,94,97,97,94,68,5.900239909404731,4.417616518992325,14.977504701843076,90.0,A+
EEE,Yes,No,38,43,42,53,62,1.4802068942660196,6.149535369757473,9.003206004616006,47.6,F
EEE,Yes,Yes,97,90,99,93,60,2.2916471354946415,4.837397293346841,14.26180256978455,87.8,A+
Civil,No,Yes,97,93,96,99,73,3.891218222533879,4.276531144746478,15.929134720420663,91.6,A+
Mechanical,Yes,Yes,64,63,61,61,82,4.025589528437296,6.67173494182297,15.735469671306333,66.2,C
Mechanical,No,Yes,68,62,61,64,60,2.8583125749835423,4.8349701337135595,28.60665399138877,63.0,C
EEE,No,Yes,65,63,62,67,89,5.9428559494429996,7.9454516067875245,18.050585441608717,69.2,C
Civil,Yes,Yes,48,31,39,48,50,7.2818487843465105,5.330293967506495,28.62222565537384,43.2,F
Mechanical,No,No,82,87,81,81,72,1.558005512310995,6.732457142892186,28.314167717649024,80.6,A
EEE,No,No,92,98,92,95,76,1.0694667478948494,5.8563806378140155,29.087481022189706,90.6,A+
EEE,No,No,94,98,97,92,94,2.7501151445127325,6.322176049375639,26.67791518024305,95.0,A+
IT,No,No,43,47,57,41,44,3.6939938374513743,7.104466393654002,15.791294064849025,46.4,F
Mechanical,No,No,34,49,58,46,39,4.161456792782564,5.739836425404867,7.7993242621748315,45.2,F
EEE,Yes,No,81,84,84,86,76,5.690227764652968,5.873320743735254,24.33881854662218,82.2,A
IT,Yes,Yes,81,85,87,82,70,2.741733189139523,5.63155843402912,11.990907962330155,81.0,A
Civil,No,Yes,98,90,96,95,85,7.233690965179265,6.374369814216195,21.97755797861224,92.8,A+
Mechanical,Yes,No,39,55,54,50,57,4.132501907665581,4.656086978515053,13.652600722127588,51.0,F
Civil,No,No,64,68,63,67,99,2.8565924676503487,4.5175237242701645,17.77522089206532,72.2,C
Mechanical,Yes,Yes,80,80,81,82,90,3.984228057934909,5.33481683030252,12.911719601537465,82.6,A
IT,No,Yes,37,34,37,41,44,6.245346258560627,5.601300733311154,7.068467118771425,38.6,F
Mechanical,Yes,No,78,71,72,71,68,1.3748125562487243,6.837088046679252,18.30277834592509,72.0,B
IT,No,Yes,68,64,62,65,90,6.868889118171595,7.422044701546031,25.775988177678204,69.8,C
Mechanical,Yes,No,77,75,72,70,77,5.648518848398838,5.020348889685593,8.175839399330794,74.2,B
IT,Yes,No,97,91,95,96,61,7.141611503495688,6.963074471016817,22.4253935248817,88.0,A+
Mechanical,No,No,75,73,75,77,99,1.8949481589542692,6.9559682526249755,14.922199455622973,79.8,B
Civil,No,Yes,40,37,35,54,59,4.033665936804586,5.835666097194942,29.239301295913958,45.0,F
IT,No,Yes,64,65,66,66,93,3.606804662247493,7.105565474610904,19.898170302918345,70.8,C
Mechanical,No,No,73,74,73,71,71,5.719344816305005,7.2170446175138,21.47888861500336,72.4,B
Mechanical,Yes,No,76,75,74,71,96,1.547921365109131,7.73365328179822,14.078314756486556,78.4,B
IT,Yes,Yes,86,84,85,87,60,5.285930359857107,4.066703253959357,9.869337442180647,80.4,A
Civil,Yes,Yes,67,67,65,68,62,5.62718940764057,6.645763353803099,26.198104056960272,65.8,C
Mechanical,Yes,Yes,66,60,60,66,84,6.296229085728383,4.207644678676251,25.93203184247646,67.2,C
IT,Yes,Yes,52,57,45,33,47,7.574382029780335,7.236983347013931,25.515639826679866,46.8,F
EEE,No,Yes,66,68,62,67,62,7.862740635524854,5.512565349375119,5.63809611392783,65.0,C
Mechanical,No,No,92,98,96,93,70,3.9256222220090513,7.87032220608099,18.699297081202182,89.8,A+
EEE,Yes,No,35,40,58,42,40,4.735216810677995,4.537187857580747,28.31574914348399,43.0,F
EEE,No,No,94,94,94,90,73,7.906410860711929,7.860474785744183,5.12349952336024,89.0,A+
EEE,No,No,98,95,90,96,82,5.101053519174634,6.49913545115761,6.7943951556628255,92.2,A+
Civil,No,Yes,70,75,71,72,63,2.560650059904275,4.752234265916302,15.700483810991097,70.2,B
EEE,Yes,Yes,80,82,80,84,75,4.379958920870734,4.849142566674365,7.888959417015793,80.2,A
EEE,Yes,No,35,49,50,43,33,7.471460509712044,6.289418048110498,6.740907899376515,42.0,F
Mechanical,No,Yes,81,83,83,83,78,1.0668034714705865,4.3012057343938785,14.39631162954948,81.6,A
Civil,No,Yes,51,52,55,43,41,7.052744268099553,7.704029670413003,5.595151081458575,48.4,F
EEE,No,Yes,80,87,80,84,82,4.640943934492794,5.898884508512852,11.459816196759252,82.6,A
Civil,No,Yes,86,86,80,85,84,3.3947533460451584,5.719830479119286,25.77372927637671,84.2,A
EEE,Yes,No,84,83,84,83,67,4.053722184500101,6.633229758024248,15.942920623338534,80.2,A
EEE,Yes,No,68,63,64,66,77,2.60881369413345,5.914747189922364,15.151907309175833,67.6,C
Civil,Yes,Yes,83,88,87,82,68,2.544557417352239,4.552501172560989,26.477793941172912,81.6,A
IT,Yes,Yes,92,95,93,95,95,6.31348257480863,6.438524046627608,27.401019991430477,94.0,A+
EEE,Yes,Yes,32,47,44,37,47,1.53434949516517,6.621304285530611,17.210796511331946,41.4,F
IT,No,No,91,97,91,92,92,3.6054027427765347,5.3321394872215935,27.124107704514696,92.6,A+
EEE,No,Yes,96,99,98,91,78,3.967613690393114,4.611935203314251,10.88088962004962,92.4,A+
Civil,No,Yes,73,70,78,77,63,4.919182159038886,7.158694455171023,23.470126251967162,72.2,B
EEE,No,No,55,53,41,57,49,1.0967554286824628,6.18121280946303,15.57630985730037,51.0,F
Mechanical,Yes,Yes,64,64,67,63,79,3.9830608391550664,7.78337763625086,10.443225856175616,67.4,C
IT,No,No,92,95,91,97,76,2.6956185247719686,5.913039536780894,8.629912822116507,90.2,A+
Civil,Yes,No,53,33,47,46,36,2.241886920758654,4.053821030967255,15.4390654862004,43.0,F
Mechanical,No,No,74,78,75,70,65,6.214057509263957,4.318615710481692,6.214068082391542,72.4,B
EEE,No,Yes,85,82,84,81,76,6.264800328878824,6.051498969221071,13.02136356874609,81.6,A
IT,Yes,No,51,37,50,41,31,2.0226348984116025,6.529603580540786,19.823856823185082,42.0,F
IT,Yes,Yes,95,98,90,90,99,3.161840968051386,5.929057445008769,7.962308969210015,94.4,A+
Civil,Yes,No,40,57,39,56,44,6.165904675926131,7.67973892712558,6.048450357564179,47.2,F
IT,No,Yes,62,60,65,61,99,1.009335476435544,5.29539852298338,10.49835784576453,69.4,C
IT,Yes,No,71,72,71,74,65,5.61529689588801,5.175845505641194,10.395106276492335,70.6,B
Mechanical,Yes,Yes,90,97,95,96,84,3.565230744099785,5.584690766437022,22.386680167246553,92.4,A+
Civil,Yes,Yes,83,82,84,88,88,3.688298468737703,6.665071445916154,29.72088828472911,85.0,A
Mechanical,Yes,Yes,62,61,60,60,77,5.906787582046843,7.742753510190504,21.641843405732278,64.0,C
Civil,No,No,35,55,34,56,40,5.620018232022196,5.155831276562869,8.51858408477883,44.0,F
IT,Yes,Yes,96,90,97,92,93,3.379124746376463,6.899067086115046,6.633908519973559,93.6,A+
Mechanical,Yes,Yes,86,81,83,84,62,2.264602789179122,7.790744708257119,10.469292710271992,79.2,A
Mechanical,No,No,47,43,32,46,65,5.968789524439132,6.1097443397169116,17.8638272833445,46.6,F
IT,Yes,Yes,44,43,30,46,62,3.334199143721531,5.76607478604346,18.229752468664174,45.0,F
Mechanical,No,No,67,67,61,65,63,1.7948818069044568,4.456201190821595,13.691793536722784,64.6,C
EEE,No,Yes,73,70,73,73,83,5.884579231437667,4.328932886042402,15.456602022564393,74.4,B
EEE,Yes,Yes,85,87,82,80,62,5.04944755760531,6.773688512225236,22.51528740986129,79.2,A
Civil,Yes,No,94,99,94,97,99,6.657928076891563,5.015284312626779,11.145185982653825,96.6,A+
Civil,No,No,84,85,81,87,61,6.381349265048122,5.06235039322944,24.180834853980574,79.6,A
Civil,No,Yes,98,94,93,95,81,7.052803344234782,6.433945650639165,17.670960795512066,92.2,A+
IT,No,No,81,86,80,85,97,4.669373897443151,6.667741670228868,11.678601746766233,85.8,A
Civil,No,No,80,80,80,84,66,4.5814700776330985,4.24402857202158,12.195782471290146,78.0,A
Mechanical,Yes,Yes,58,52,31,49,44,3.5465023611933995,6.9442160579311585,17.824471047858545,46.8,F
Civil,Yes,No,95,98,90,99,66,6.930361073235072,5.260588156530213,11.905933124378826,89.6,A+
IT,No,Yes,70,73,72,75,82,4.022129766899944,5.811992403319856,17.82206506273934,74.4,B
Civil,No,Yes,95,98,92,99,88,5.419152871643921,6.3667886492253025,22.56584432713791,94.4,A+
Civil,Yes,No,60,61,66,67,79,2.0166300835344066,4.119123149283684,28.338107817915766,66.6,C
EEE,Yes,No,53,33,46,39,52,5.271742848028634,6.833435744154645,21.5096610067836,44.6,F
IT,Yes,Yes,95,91,91,91,89,7.329110861456239,5.393021868093202,17.84973722899527,91.4,A+
EEE,Yes,No,53,44,56,41,34,1.690698931076393,7.9736804383302715,15.00951699659329,45.6,F
Civil,Yes,No,68,67,65,62,86,6.532906752234472,7.665083349374125,14.70917194178869,69.6,C
IT,No,No,61,61,62,65,60,5.02328983458783,5.312413903367287,25.50862537618826,61.8,C
Mechanical,Yes,Yes,86,80,88,85,93,3.814190518217685,6.915756800420629,24.4955221002517,86.4,A
Civil,Yes,Yes,45,34,50,42,63,7.682321600528378,4.623441470348308,9.730940063631206,46.8,F
Mechanical,Yes,Yes,42,30,47,34,67,6.353861779719266,5.621027122288431,23.70688435993142,44.0,F
EEE,Yes,No,60,67,60,64,93,3.6600515496852633,7.453214059380498,21.495333007201495,68.8,C
IT,No,No,60,62,68,63,74,2.9494440235017065,7.772652511413397,27.101752735393283,65.4,C
EEE,No,Yes,75,78,71,75,77,1.5666479141564924,6.3086865064959845,28.40600969518008,75.2,B
Civil,Yes,No,81,85,85,87,67,3.621837703657069,7.190929053392856,14.184768217426761,81.0,A
Mechanical,No,No,42,41,48,58,31,6.832355580752265,4.180671025989911,21.33144898709667,44.0,F
Mechanical,Yes,Yes,67,67,66,65,63,6.683007560368445,7.317653988993276,25.048658001126743,65.6,C
IT,No,Yes,84,80,81,87,60,6.225164901999798,7.574039885573272,23.919730572559924,78.4,A
Mechanical,Yes,Yes,86,81,83,85,86,3.886821423275063,4.783022425622498,17.8293770570509,84.2,A
EEE,No,No,67,62,61,61,66,6.427086128782521,7.206631051232256,21.238153218734226,63.4,C
IT,Yes,No,82,80,80,82,80,2.081645809933633,5.758251767091595,17.761503283661032,80.8,A
EEE,No,No,66,61,66,65,70,3.0443189066854055,6.379292397962308,5.687322240794367,65.6,C
Mechanical,No,No,52,42,38,50,37,4.799581656195162,7.828339269776875,27.468513627149456,43.8,F
IT,No,Yes,54,50,37,30,36,7.930610719429398,5.2899888734267755,26.073905705877884,41.4,F
IT,No,Yes,81,84,84,86,93,5.606384887028545,4.032236413368479,28.579370574032126,85.6,A
EEE,Yes,Yes,86,86,86,86,85,7.43744435619652,5.244778951216037,10.226453219521654,85.8,A
Civil,Yes,Yes,88,86,80,87,70,3.1423301636014003,4.254739070010067,9.42817860495635,82.2,A
IT,Yes,No,77,76,77,70,73,1.7076201592195042,5.23538909912648,20.28392532745956,74.6,B
Civil,Yes,No,67,61,62,63,84,7.913697890634445,5.893739612934774,25.06129363703734,67.4,C
IT,No,No,40,35,51,31,46,2.831341941034717,7.686406398629746,15.444808317456403,40.6,F
IT,No,No,96,98,96,98,78,2.5291022801831495,4.4809889060467025,6.70852338830651,93.2,A+
Civil,Yes,No,82,84,85,87,98,7.098761391790568,5.157763579872833,24.580386366416967,87.2,A
Civil,No,No,74,76,77,74,73,6.672123093863328,4.54015254672219,16.71629092490963,74.8,B
IT,No,Yes,98,98,90,91,63,6.954312404887965,6.2448911531301,18.08477278435916,88.0,A+
EEE,Yes,Yes,77,75,74,70,91,2.6748120392602472,5.122111287421603,25.511725409021338,77.4,B
EEE,No,No,87,87,85,80,67,4.823733200915957,4.357892491241548,15.449602137672839,81.2,A
IT,Yes,Yes,87,80,80,84,65,4.590279388631666,7.478424329899109,15.069395830822497,79.2,A
IT,Yes,Yes,72,70,72,78,73,1.4992609258897005,4.276920502982527,10.2596638623531,73.0,B
IT,Yes,Yes,39,37,36,58,39,5.04510173814475,7.847162990504896,10.94011242457565,41.8,F
Mechanical,Yes,Yes,93,98,99,92,87,5.694728677676279,6.803470543445728,10.100616643464466,93.8,A+
Mechanical,No,Yes,76,70,73,70,89,4.880258186585587,5.314983953398427,23.010842555644448,75.6,B
Mechanical,No,Yes,66,68,62,67,74,6.5451839535957514,5.979028958343218,12.499347703863313,67.4,C
EEE,Yes,No,85,81,87,87,89,3.829691494749274,7.973060785718986,26.71392570623652,85.8,A
IT,Yes,Yes,84,88,83,86,76,3.9735592693198827,5.542210005966677,27.885405036667585,83.4,A
Civil,Yes,No,46,57,47,33,38,5.307108230413461,5.501061884173758,14.851487995896429,44.2,F
Mechanical,No,No,74,73,75,71,94,5.62270786740622,6.921655011527171,16.331542084543077,77.4,B
Mechanical,No,No,91,99,92,92,80,3.4333345013787846,4.1272187259406605,18.717882730185217,90.8,A+
Mechanical,No,Yes,68,63,62,65,92,3.1906193214385095,6.296647998438331,17.51888186852465,70.0,C
IT,No,Yes,94,97,92,92,89,3.9578389981836124,4.168098700685621,23.49760301917326,92.8,A+
IT,No,No,99,91,94,94,97,7.041969653923027,7.521439874553668,10.917129842051969,95.0,A+
Mechanical,Yes,No,92,96,93,98,74,2.076538047676218,4.894457737985245,28.93307219736468,90.6,A+
Civil,No,Yes,57,57,56,42,41,3.712091321486643,4.3778644717529325,9.76876007808453,50.6,F
Mechanical,Yes,No,87,86,84,86,95,1.9089990939251673,6.7047829854261565,26.465002674562456,87.6,A
Civil,Yes,Yes,92,99,93,98,86,1.314379092969311,7.044031693981568,14.29310166005858,93.6,A+
IT,Yes,Yes,67,60,64,60,61,5.35815657593883,4.632530582877458,26.51511225874274,62.4,C
EEE,No,Yes,84,81,87,86,99,3.106764237421352,4.7361790882008545,23.911277199722797,87.4,A
EEE,No,No,68,63,65,60,61,7.5518117574662735,4.380260493028242,21.85057485983984,63.4,C
Civil,Yes,No,33,32,54,52,56,7.117350671496169,6.282211419799889,26.958390147189675,45.4,F
EEE,Yes,Yes,65,65,63,62,60,7.216061922018466,7.233529724957798,18.01317782022909,63.0,C
IT,Yes,Yes,70,70,78,78,68,7.795979385073902,7.789908937582498,27.114299676456564,72.8,B
IT,No,No,77,75,75,77,99,3.112842626250266,6.6011878962940305,13.225143241555822,80.6,B
IT,Yes,Yes,65,62,63,63,76,1.1993866738449006,7.536588851942888,23.70363172757853,65.8,C
IT,Yes,No,88,86,81,85,77,7.99690392275307,7.077795576328189,14.94664257543568,83.4,A
Mechanical,Yes,No,66,67,61,66,81,7.558561555228714,4.0045144901079315,27.35594574088821,68.2,C
IT,Yes,No,67,63,68,63,90,1.0767455719208034,4.67917055820379,21.31317194376047,70.2,C
Civil,Yes,No,85,80,87,81,67,5.272541054727099,6.185628296848528,11.24360448073388,80.0,A
IT,Yes,Yes,42,35,35,40,39,5.436970306184797,5.7089887849268175,27.484163223023174,38.2,F
Mechanical,Yes,No,49,40,37,44,63,6.929407336101865,4.680326053069321,14.182348690379202,46.6,F
EEE,No,No,77,74,73,75,93,4.9840568645820005,7.71242435791235,18.256580640958717,78.4,B
EEE,Yes,No,72,72,72,77,72,2.855244426983832,6.144769117128817,16.228705068305317,73.0,B
EEE,No,Yes,94,97,91,95,84,4.599407280065375,6.9449155301142005,15.910489968239826,92.2,A+
Civil,Yes,No,60,66,66,67,75,4.617604162834368,4.853791525304169,18.410738647458945,66.8,C
Civil,No,No,88,81,82,87,68,2.9112843352946474,4.708770004044764,12.356668415927858,81.2,A
Civil,No,No,99,93,94,98,75,4.152596553807296,7.024653315580984,13.689288105974551,91.8,A+
Mechanical,Yes,Yes,63,63,65,68,81,1.5519432139943778,5.1476141956484085,13.050805149387177,68.0,C
EEE,Yes,No,86,83,83,81,80,7.612951671707372,5.33951316054794,19.27134840696904,82.6,A
EEE,No,Yes,67,66,60,65,66,1.7859093083023672,6.906962260917279,28.60830589370729,64.8,C
EEE,Yes,No,84,82,87,86,91,2.4489552087154074,7.405622991565895,7.106609153896278,86.0,A
EEE,Yes,No,74,76,70,74,70,2.59444839132461,6.335433069232062,14.286583483361788,72.8,B
EEE,No,Yes,62,62,65,63,95,4.158148025813171,6.414578098023951,27.388003009520652,69.4,C
IT,Yes,No,82,87,81,87,88,2.1768266831840757,6.049042255505042,17.18437019803112,85.0,A
IT,No,No,61,61,68,64,80,4.726434095682402,5.070667039077771,27.789922164006853,66.8,C
IT,No,Yes,93,93,93,91,63,6.396890047724948,6.8342880184105175,16.839347210877214,86.6,A+
IT,No,No,65,61,62,64,93,5.749244843540125,7.816063216476748,17.775119088614673,69.0,C
IT,Yes,No,99,95,98,90,86,1.3266596424953079,7.895022075365837,10.819283510757606,93.6,A+
IT,Yes,No,61,67,60,60,63,6.966557444834305,7.026210640231265,20.262829102304003,62.2,C
Civil,Yes,No,34,34,58,47,58,7.623215933574417,5.125354344182547,19.882988644572375,46.2,F
Civil,Yes,No,51,44,38,48,65,7.181800009520238,5.864564591831257,10.222685800573174,49.2,F
Mechanical,No,No,92,97,97,93,93,5.582554808061682,4.6063802992003975,26.897077087926426,94.4,A+
IT,Yes,No,38,32,45,54,53,3.3674693699281413,5.348285448362333,5.781784443681685,44.4,F
IT,Yes,Yes,65,66,65,61,95,2.131267064167547,4.826448322723904,17.72102120326267,70.4,C
EEE,Yes,No,88,87,86,80,79,2.2382786557678873,7.949344634318184,16.102588922665465,84.0,A
EEE,No,Yes,98,93,92,90,93,1.175993707940909,6.777801824522835,7.055176592794542,93.2,A+
Civil,Yes,Yes,92,96,95,98,64,3.413469940508529,5.847373925100442,15.362901620419807,89.0,A+
IT,No,No,83,81,80,80,69,1.3875187185688667,6.152484040159253,6.763751592747365,78.6,A
Civil,No,Yes,75,78,73,77,63,7.863295584481498,5.975388058966246,5.242508873076056,73.2,B
Mechanical,Yes,No,85,84,80,83,97,3.0995944884391586,6.384327820953224,15.846098071381105,85.8,A
Mechanical,Yes,Yes,99,95,98,98,83,6.7274466812377325,6.126397858417723,26.996566934028998,94.6,A+
Mechanical,No,Yes,98,99,97,97,75,6.463678606707033,5.099224142192544,25.56535796284196,93.2,A+
Mechanical,Yes,Yes,72,74,75,71,66,3.4492682455317905,6.205269562651257,13.988578613000087,71.6,B
EEE,No,Yes,99,93,93,95,74,5.617405564763196,4.646479245143485,11.387333616390118,90.8,A+
IT,Yes,No,70,74,75,77,84,6.7666122494437655,4.412587043513444,28.575517741143404,76.0,B
IT,Yes,No,84,80,80,88,80,4.341452786856809,5.403276437340063,14.063994913977364,82.4,A
EEE,Yes,Yes,84,85,83,85,87,7.838758822886358,4.747725717765787,16.131850619117614,84.8,A
Civil,Yes,Yes,71,76,71,77,65,4.4050967099931215,6.954156157903631,26.67138032567665,72.0,B
Mechanical,No,No,60,65,63,64,70,7.5879823460208815,4.908596355347785,14.74065043395026,64.4,C
Mechanical,No,Yes,47,43,40,57,43,6.37887380179824,7.031750958424664,20.4464788515564,46.0,F
Civil,Yes,Yes,88,86,83,82,78,6.46243503918111,6.694806934168626,24.187470764767635,83.4,A
IT,Yes,No,81,82,81,82,97,7.892031274632791,6.665629218779676,12.135101711585563,84.6,A
Civil,No,Yes,81,85,87,87,82,3.1169365789497547,6.2536334579354165,25.09512226208688,84.4,A
IT,No,No,97,97,94,90,85,6.049754157744018,7.451522011649649,5.052596079397086,92.6,A+
EEE,Yes,Yes,68,68,65,68,93,2.324980054777722,6.413379861247014,5.783044630553994,72.4,C
IT,Yes,No,54,56,44,57,38,3.387505116990483,5.024428366402503,26.979535147289376,49.8,F
Civil,Yes,Yes,60,62,62,61,93,2.1372214968578316,6.402669070822423,17.280969398775092,67.6,C
Mechanical,Yes,Yes,95,92,98,96,75,7.888772233255485,6.671679995214508,20.866781831348536,91.2,A+
EEE,No,No,84,83,82,84,99,2.948579371638596,7.193172788836747,13.15634795102867,86.4,A
IT,Yes,Yes,60,62,62,60,88,4.571838523544544,5.735137608829491,19.831777324699807,66.4,C
Civil,Yes,Yes,63,65,65,65,92,3.3465622614950017,4.168179184303779,19.955943996297414,70.0,C
IT,No,No,86,88,84,81,66,6.6655868110586205,5.517133566910179,6.180621912368871,81.0,A
EEE,Yes,Yes,90,93,98,98,80,5.509044550331412,4.192744049573185,14.001261647524458,91.8,A+
EEE,Yes,No,70,73,78,77,63,2.3898000120774117,5.979313826485681,23.55775613834311,72.2,B
Civil,No,Yes,99,97,99,90,88,4.826796785695022,6.301637549144593,5.553536886815737,94.6,A+
EEE,Yes,Yes,64,66,60,63,62,2.8423475292606253,5.352431965038811,7.683849366152491,63.0,C
IT,No,Yes,87,81,86,87,67,7.3590418631556265,5.872276216937161,16.65748532349547,81.6,A
EEE,Yes,No,32,49,53,33,69,6.025449263749034,4.828725887577759,8.975628269160664,47.2,F
EEE,Yes,No,85,83,86,82,84,1.763095309486501,4.994159283709704,12.923565544182035,84.0,A
Civil,Yes,Yes,86,83,84,84,76,3.8235501351844725,6.705888573969644,9.748319155758978,82.6,A
Civil,Yes,No,85,83,81,80,89,6.6539165833083995,4.985392988969208,6.58133522246699,83.6,A
IT,Yes,No,64,63,65,60,79,1.6886984475487847,5.309252755318751,8.403411008762783,66.2,C
Mechanical,No,No,85,82,87,81,96,7.449152585490828,6.33276321710839,19.821004512702753,86.2,A
Mechanical,No,Yes,41,55,44,45,42,1.541054452053261,5.031480014192034,7.355559468687685,45.4,F
Mechanical,No,No,83,80,84,85,75,6.615744254645799,5.540424491959682,15.447099915440242,81.4,A
IT,Yes,No,32,55,52,42,55,1.8961124564240543,5.898582893103554,18.953537335073555,47.2,F
IT,Yes,Yes,87,81,85,80,96,4.562258490489161,7.445782744085297,26.650891876143913,85.8,A
Civil,No,Yes,75,70,71,74,77,3.4551610888301614,7.030939778009175,19.560024121698497,73.4,B
Mechanical,No,No,61,60,68,65,74,1.7020053073523396,5.344433956884572,14.48029765589086,65.6,C
IT,Yes,No,30,40,45,32,66,5.716254523812011,6.916942037873444,22.26381600999112,42.6,F
Mechanical,No,Yes,32,35,55,57,45,5.8817129309845075,6.6947945639622874,11.370445449119044,44.8,F
EEE,Yes,Yes,60,62,64,63,77,4.830722294702011,6.173149902853949,29.39630198358972,65.2,C
EEE,No,No,96,97,90,99,95,6.641947848426106,6.200906168625047,6.085313321370479,95.4,A+
EEE,Yes,No,50,42,52,48,32,5.184208624196181,4.568007275217592,21.202177802711407,44.8,F
Civil,No,No,78,71,74,70,95,2.588305370706658,7.717122606743237,22.93586127195634,77.6,B
Civil,Yes,Yes,96,93,91,99,67,6.115806324096134,4.624655379168695,10.864032333370716,89.2,A+
Civil,Yes,Yes,90,92,92,99,91,3.627309355437213,5.14313422210348,10.080577277152182,92.8,A+
Civil,Yes,No,86,88,80,83,91,2.0395474715057658,6.385868301654175,25.359598016727038,85.6,A
Civil,Yes,No,67,65,66,67,88,4.31039831173897,7.0014124896333705,20.287283359558582,70.6,C
Mechanical,No,Yes,39,53,30,43,64,3.4313363601174443,5.7780358482772165,5.302892639991209,45.8,F
IT,Yes,Yes,46,50,30,35,56,4.7240943506435435,5.6437673328825895,20.05134182317613,43.4,F
IT,Yes,No,77,74,73,74,63,3.1674226700199206,6.654937442775754,21.644610036721772,72.2,B
Mechanical,Yes,No,96,98,96,92,70,2.156427575364951,5.559489411766176,23.24650772121196,90.4,A+
Civil,No,Yes,63,65,66,68,95,6.526185623225179,6.6949785201920715,20.23280479767152,71.4,C
IT,No,No,70,74,75,72,83,4.6628095905706015,4.180463514405838,28.33602517927146,74.8,B
Civil,Yes,No,31,31,58,41,46,5.892493626616518,7.997836268745608,22.753547064063202,41.4,F
EEE,No,No,91,91,95,99,72,3.8534300058575903,5.878102168175451,5.707781860066695,89.6,A+
Civil,Yes,No,43,39,54,58,35,5.148904464865295,7.725194210384448,26.90097785661063,45.8,F
Civil,No,Yes,81,88,81,80,69,6.425572602373834,6.487746935026837,20.16982239553342,79.8,A
IT,Yes,Yes,84,85,84,88,94,5.399527300584975,6.229007333273643,23.565899742042262,87.0,A
Mechanical,Yes,No,85,82,87,85,96,5.117005947107187,4.553132693618991,15.653059274312138,87.0,A
IT,Yes,No,80,84,88,86,82,2.4707503503864627,6.969085569009147,5.629977370526741,84.0,A
Civil,Yes,No,93,94,91,93,60,7.14148928543682,7.89748895471703,5.687979628510382,86.2,A+
Civil,No,No,75,77,75,71,82,3.2779279647782547,4.378955659117377,29.396771569588417,76.0,B
IT,No,Yes,66,67,62,64,78,4.731213930417789,4.551595286921335,19.781072643765352,67.4,C
IT,No,No,72,73,76,72,83,5.376022642133478,5.354573085791452,8.162006417282736,75.2,B
Mechanical,No,No,39,58,57,32,50,4.448267751969787,5.468330988348987,16.77392130977575,47.2,F
IT,Yes,No,98,92,96,95,67,2.5547546732951116,4.479461469334732,13.4403792850907,89.6,A+
Civil,No,No,82,88,82,82,98,5.7598019706256345,4.811492703656938,23.64070831301255,86.4,A
Mechanical,No,No,71,71,73,75,63,1.378333391448086,5.828921678478178,18.74055752765087,70.6,B
Civil,Yes,No,47,36,34,45,40,6.562756979018509,7.558362565467458,16.70767317097866,40.4,F
Mechanical,Yes,No,62,65,66,63,90,4.915060713517103,6.68707184182545,15.78612480770026,69.2,C
EEE,No,Yes,76,76,70,72,88,6.677610723401809,4.350302293664699,25.141884476067602,76.4,B
Mechanical,Yes,Yes,81,84,85,83,89,6.619958462968822,4.986079622551932,29.400817465005094,84.4,A
Mechanical,No,Yes,40,44,42,47,54,3.54101014987793,4.248896690608968,27.440350208559632,45.4,F
Mechanical,No,Yes,91,99,98,91,84,7.45930033359376,5.948247675275743,20.156323443774436,92.6,A+
Civil,No,Yes,64,65,62,66,89,5.155813335359144,6.558468498409424,17.388892259398247,69.2,C
EEE,Yes,Yes,72,77,70,72,70,2.0221183391447575,5.1567130154257725,12.744132853572586,72.2,B
Mechanical,No,No,76,78,76,70,71,6.859154914538315,4.315607317964805,7.283846634160916,74.2,B
Civil,No,No,60,61,62,68,64,5.691298271878453,4.700699454816724,16.844584057695556,63.0,C
Civil,No,Yes,72,71,74,75,76,3.528864718841927,4.853452272131885,14.626266980090417,73.6,B
IT,No,No,88,87,88,80,62,1.368968528974073,4.150264918175923,22.92953617616894,81.0,A
EEE,No,No,35,51,42,39,53,4.723808610318669,4.856338618010643,20.632093771989958,44.0,F
Mechanical,Yes,Yes,44,39,51,50,35,1.8597857980231047,7.862207098580521,12.03837777933865,43.8,F
Mechanical,Yes,Yes,40,38,36,44,49,1.3389351406740713,5.621369295093148,9.597761628086623,41.4,F
IT,No,No,81,80,88,80,88,4.514057384174275,6.332511293811477,19.47413300739511,83.4,A
Mechanical,No,No,91,92,91,92,82,3.697776346758955,6.7264546758911585,13.515614236606,89.6,A+
Civil,No,No,96,90,93,91,77,6.6024841531638465,6.6506580522374215,7.307119801831431,89.4,A+
IT,Yes,Yes,74,71,71,76,69,7.427807175589145,6.4120153617196465,25.076405447279473,72.2,B
Mechanical,No,Yes,97,90,96,90,91,3.987522337357246,7.199128088297078,13.734674976233325,92.8,A+
IT,No,No,67,63,61,63,77,1.9000408255781494,6.789845068906907,17.655775902272005,66.2,C
EEE,Yes,Yes,55,57,31,55,42,5.867305845167969,6.964428166518723,11.47745513455278,48.0,F
IT,No,No,41,41,45,54,51,6.126765321000789,5.377485561618137,21.60647442850344,46.4,F
EEE,Yes,Yes,96,90,96,94,78,5.081290926787846,5.685698202369991,27.31679277692437,90.8,A+
Civil,Yes,Yes,41,30,33,43,62,2.5554504489718735,4.587692108402425,19.328373366351762,41.8,F
Mechanical,Yes,No,83,80,86,81,68,3.41836597606412,7.212047526105282,18.506972329685524,79.6,A
IT,No,Yes,46,39,47,41,37,2.6516625243616874,4.6740851043299125,13.550470624446755,42.0,F
IT,No,No,77,73,76,73,78,4.356634659779477,4.063414181494268,7.299612766769998,75.4,B
IT,No,Yes,87,82,82,80,89,1.8225128814866132,5.007992886576287,28.018911276368343,84.0,A
IT,Yes,Yes,80,88,87,82,81,6.669851205784307,4.953158682212367,10.609574494994888,83.6,A
IT,No,No,72,73,76,73,84,1.9285071211777587,6.07455476266405,24.47668785898674,75.6,B
IT,No,Yes,56,43,33,56,38,3.5509876793467576,5.519638179296481,25.131764930181273,45.2,F
Civil,No,Yes,72,76,78,75,89,4.185869617229386,6.2236480682972815,15.09940708257709,78.0,B
EEE,No,No,78,76,75,73,93,2.1066463609799415,4.498944452886716,9.709205801676745,79.0,B
Civil,Yes,Yes,94,98,99,91,73,1.2751849788876926,7.197641595636171,20.697509737272696,91.0,A+
Mechanical,No,Yes,61,66,68,68,66,3.433659695312066,4.465601271321503,5.972395306170654,65.8,C
Civil,No,No,67,67,62,65,68,2.0741978247571344,4.826986582960957,20.540739451080338,65.8,C
IT,No,Yes,64,64,64,61,80,5.364022554103527,6.577584649127463,22.851358266386434,66.6,C
EEE,No,No,65,66,60,63,74,2.041997627649582,7.172683279976166,20.01139218187863,65.6,C
IT,No,No,80,84,82,80,87,1.6446912793971284,7.26110532436224,27.36010971621268,82.6,A
Mechanical,Yes,Yes,71,73,70,72,86,3.6315686278230532,6.139491023035021,26.91495297087547,74.4,B
EEE,Yes,No,86,82,82,82,65,4.581952129802906,5.9331771398653,14.569602510076013,79.4,A
Mechanical,Yes,Yes,61,60,66,61,69,4.148077874144743,6.175049823674623,7.5057969544071526,63.4,C
Civil,No,Yes,40,32,45,34,53,1.472697310581141,5.715046030814015,26.78134764550485,40.8,F
Mechanical,Yes,No,36,30,32,49,68,6.919501842704243,6.604918078662644,28.943615827931257,43.0,F
Civil,Yes,No,62,65,62,60,60,1.2371282508472503,7.959365527822275,17.05628980756061,61.8,C
IT,No,No,39,47,58,38,31,2.7972086120419055,6.444997491334907,13.118005705578563,42.6,F
Civil,Yes,Yes,62,65,60,66,62,1.4063243591295267,6.785053901202133,6.3206161121034174,63.0,C
IT,No,Yes,96,98,92,91,73,1.3664851413123067,7.070270514071673,15.412610797596974,90.0,A+
Mechanical,No,Yes,72,74,70,75,70,7.037038910988098,7.845998716948589,11.168685516684523,72.2,B
IT,Yes,No,86,85,81,87,82,4.502516123508924,6.763535906203291,22.42839514729523,84.2,A
Civil,Yes,Yes,64,62,60,66,81,2.0386976475223437,6.544161420527543,28.737385793479042,66.6,C
IT,Yes,No,36,48,43,38,48,3.7414236916767196,7.215042779521919,27.15829145618414,42.6,F
Mechanical,Yes,Yes,98,97,96,99,82,5.664697895047445,7.864190020514709,24.025944756269574,94.4,A+
EEE,Yes,Yes,96,94,99,95,63,1.6509344787619251,6.352809067793562,17.024322247153094,89.4,A+
IT,Yes,Yes,39,39,52,32,30,6.258708211294101,7.861047476661253,29.000813439549905,38.4,F
EEE,No,Yes,81,85,85,82,71,3.3216049092391224,6.892228501841319,17.693803796566606,80.8,A
EEE,Yes,Yes,51,39,54,46,41,3.2796671259466583,4.121933041245552,5.51919716775978,46.2,F
IT,No,Yes,63,68,65,65,97,1.274705032283825,7.951930577681043,21.609385271289057,71.6,C
Mechanical,Yes,No,36,44,47,38,37,7.437351918487061,6.811386828707397,24.214909862256878,40.4,F
Civil,Yes,Yes,94,97,99,92,79,1.008622846164981,6.393309060489708,20.18266120656678,92.2,A+
Mechanical,Yes,No,64,67,64,66,66,3.0058317898767193,7.889039206966842,18.962903829020625,65.4,C
IT,No,No,40,33,44,51,54,1.0218704475316014,7.499085450013344,26.92302517275761,44.4,F
Civil,No,Yes,73,75,75,73,88,3.2413035358283873,7.65377879390236,15.230637004794898,76.8,B
IT,Yes,Yes,74,72,74,74,96,6.584616605460254,7.6858309448661215,29.46264917331725,78.0,B
Mechanical,No,Yes,72,70,72,71,61,4.012214996296736,5.098820131228575,27.193788116792202,69.2,B
EEE,No,No,83,82,81,85,72,1.7570851020134972,7.368427449934046,20.35332940468795,80.6,A
Mechanical,No,No,86,82,81,81,76,5.5830774394891005,5.644816268847416,21.584063350367035,81.2,A
EEE,Yes,Yes,64,67,64,64,91,5.242767198970812,7.798149748454607,13.488222978267332,70.0,C
Mechanical,Yes,No,65,68,64,63,88,1.9928018008137243,4.01498037884514,18.30393712462089,69.6,C
EEE,No,Yes,62,65,68,67,90,7.165240039519325,7.03063046641189,19.0867618453213,70.4,C
EEE,No,Yes,74,72,76,72,94,3.2502373456346314,4.638519733011057,10.129570834879019,77.6,B
IT,No,Yes,65,60,63,65,91,5.77929847313464,5.708812109127338,19.788219933884324,68.8,C
Mechanical,Yes,Yes,93,90,95,93,64,4.725802718042833,4.6733478236765205,11.17268566668964,87.0,A+
EEE,No,No,38,57,31,43,42,2.094220549794665,5.375251614540358,23.124270121884773,42.2,F
Mechanical,No,Yes,73,75,74,78,69,5.276625679918572,7.281171842436709,15.102746193573928,73.8,B
EEE,No,No,85,84,82,85,69,7.429651219393625,4.18797000401247,13.470325540121204,81.0,A
Civil,No,No,77,72,73,72,69,3.816062746534231,7.1331603697554655,29.069620199518305,72.6,B
IT,Yes,No,61,60,66,60,62,2.4552184787349796,7.201299437625957,20.61295038410868,61.8,C
Civil,No,No,48,53,30,33,53,3.9646686461071585,4.745333905377629,14.097009840672083,43.4,F
Mechanical,Yes,Yes,67,60,68,62,80,3.455029566179757,5.093535672455115,19.434981678327276,67.4,C
Mechanical,Yes,No,70,75,77,76,79,6.222916847670496,6.083262344576329,11.713928515516027,75.4,B
Mechanical,No,Yes,64,68,62,62,81,5.041392076374592,7.558941339132227,22.50765884709518,67.4,C
EEE,No,No,70,77,73,72,69,5.107375354912138,5.782919283611477,25.902965388626065,72.2,B
Mechanical,Yes,No,77,75,72,70,66,6.382861366600406,5.787079337873008,16.82064062240756,72.0,B
IT,No,No,53,41,55,38,30,4.7494215699306235,4.548412752297315,18.461899416567647,43.4,F
Mechanical,No,No,61,65,61,67,95,4.144819243515874,6.611253467256972,26.40365375715718,69.8,C
Mechanical,Yes,Yes,84,80,85,86,87,1.5091538324403755,7.160525494904434,10.444520044189213,84.4,A
Mechanical,Yes,No,82,84,87,80,87,2.2901097786506934,4.157447519278918,5.546167799655045,84.0,A
Civil,No,No,36,45,39,44,45,5.952873491435239,6.936017018174737,12.13644300717877,41.8,F
Mechanical,Yes,No,66,60,66,64,93,2.9749949010519705,7.443480494218688,17.20886550703001,69.8,C
Mechanical,Yes,Yes,65,62,67,62,89,4.614378731868286,7.171378135348488,15.816062015100897,69.0,C
IT,No,No,77,77,76,74,78,5.354206354764065,6.022969193421778,25.42755332506537,76.4,B
Civil,Yes,No,85,82,80,83,73,4.495120622100277,4.425349189392909,7.853499232740803,80.6,A
EEE,No,No,68,62,65,67,98,3.7888537751482256,6.798235837806533,12.33390199984969,72.0,C
EEE,No,No,95,94,91,95,62,6.740088403835492,6.779529494703837,18.312317485928666,87.4,A+
Civil,Yes,Yes,33,54,35,57,32,5.0302505846421735,7.288731623266935,24.466303776872735,42.2,F
Civil,No,No,91,98,92,91,83,2.0075933950056157,6.381438645034416,9.302765070569443,91.0,A+
IT,No,No,76,74,71,73,61,5.026458051439607,7.941079952403607,11.1876532142451,71.0,B
Mechanical,No,No,97,99,95,99,84,2.0946726308241357,7.412358493614602,6.162514661001637,94.8,A+
IT,No,No,87,82,85,83,83,3.1547340501828343,4.964660857231047,10.839184026715275,84.0,A
IT,No,Yes,44,48,41,47,31,2.2324692522636034,5.05962877399128,6.909832919882643,42.2,F
EEE,Yes,Yes,56,38,34,52,33,3.6345943910878735,5.204348721860855,7.7406246582500575,42.6,F
Civil,No,No,94,93,96,94,85,3.27273148823042,6.949428309551198,16.900453234219164,92.4,A+
EEE,No,No,65,60,65,60,72,7.3922922286375865,7.38886467104006,16.988263818032223,64.4,C
IT,Yes,No,65,63,63,64,91,6.045265527943441,6.525157249330924,7.491540338886014,69.2,C
EEE,No,No,97,94,97,99,87,3.4734655961823697,6.334624447403488,6.94336592412462,94.8,A+
EEE,Yes,No,85,86,82,82,71,6.962532370623792,4.210297591244013,7.6103842374529505,81.2,A
EEE,No,No,46,36,55,40,47,5.210742358414383,4.651011544856655,18.717531390155905,44.8,F
EEE,Yes,Yes,30,48,43,54,30,6.8275851796875475,6.4883380232264845,5.935799436326754,41.0,F
Civil,Yes,Yes,42,56,32,53,64,5.775604873036087,6.121852000163262,7.079841921287681,49.4,F
EEE,Yes,Yes,98,93,92,90,69,5.32074314594108,6.957632919325247,10.36669659931342,88.4,A+
Civil,Yes,No,88,85,84,86,64,6.860660527552726,6.171992530421077,14.345202721675061,81.4,A
Mechanical,Yes,Yes,72,75,72,71,60,4.822691656023036,4.856028452695497,16.888163040654835,70.0,B
Mechanical,No,Yes,73,74,70,74,76,5.137667663749299,6.015093774898537,21.148788277801128,73.4,B
Mechanical,Yes,Yes,31,53,56,44,46,2.7166097076217515,7.07212981701633,5.316065035000462,46.0,F
IT,No,No,67,66,65,68,72,7.472435743183922,4.416049817140321,14.692666578277187,67.6,C
EEE,No,Yes,76,78,71,76,77,1.6594725452874566,7.017129332140865,5.512772983009779,75.6,B
EEE,No,No,77,71,78,72,97,2.8313736440428094,5.985214413945906,15.459367627696187,79.0,B
Mechanical,Yes,Yes,66,67,61,65,64,2.517303979253895,6.3420561699243185,13.702388687696851,64.6,C
EEE,Yes,Yes,91,94,92,95,93,1.641074513286439,7.669254301848971,8.420465772974035,93.0,A+
Mechanical,No,No,63,63,63,65,68,3.498220635962808,5.199542960223219,10.345972237381607,64.4,C
Civil,Yes,No,46,42,31,49,35,5.215459249737424,7.203750783283425,20.27096641462334,40.6,F
EEE,Yes,Yes,80,83,87,82,60,4.461647875842855,4.48678122690669,19.702340940136175,78.4,A
IT,Yes,No,81,81,86,81,71,5.394217904281355,6.589831762982184,26.09387609968234,80.0,A
IT,No,Yes,95,95,90,97,97,6.029200895855875,6.140146928179642,16.9154871031603,94.8,A+
Mechanical,No,No,78,76,77,73,79,5.718051495238978,4.225933696013929,21.821375945242277,76.6,B
EEE,No,No,73,76,71,75,97,6.578634289026574,4.251570489809947,22.164662552860825,78.4,B
IT,Yes,Yes,95,92,95,97,67,3.9104257246632534,5.7157773337205775,18.522625095952023,89.2,A+
Civil,No,Yes,77,75,76,76,85,6.832920135201304,5.817082897441701,22.988960331635873,77.8,B
Civil,Yes,No,37,58,49,43,54,4.744146052949089,6.221974729577605,7.666376740742265,48.2,F
Mechanical,Yes,Yes,97,91,93,90,96,5.16947118425491,5.8863047542006335,15.296022853681713,93.4,A+
IT,No,Yes,39,51,37,50,66,6.756544596687014,6.185116419161136,10.46095612471701,48.6,F
IT,No,Yes,91,90,94,91,93,6.979553344386076,7.092356166789864,12.749998429294733,91.8,A+
Civil,Yes,No,91,99,91,99,95,3.2857853816408475,6.281775897621598,18.020856500645593,95.0,A+
IT,Yes,No,84,83,87,86,84,6.4632979686610845,4.804700929155517,7.00158506322414,84.8,A
Civil,No,No,66,60,65,63,73,7.134464791190341,5.775179363918915,12.12271557604413,65.4,C
Mechanical,No,No,72,72,73,76,79,5.810981030891894,4.383016794653431,28.064310122645,74.4,B
Civil,No,Yes,72,74,72,76,98,1.9012304201299914,6.228027225252514,27.34931671061073,78.4,B
IT,No,No,83,87,83,81,90,4.5169910101646344,6.925945438812463,28.952950222985844,84.8,A
Mechanical,No,No,85,87,86,86,63,6.393130547517928,5.3492113458699455,28.539421318348346,81.4,A
Mechanical,Yes,No,61,61,66,60,69,3.9437638304821356,4.395465353824059,6.059048298819551,63.4,C
EEE,Yes,Yes,96,92,92,99,93,2.2401964769030585,6.029785464478969,21.934683037967922,94.4,A+
Civil,No,No,71,71,78,76,68,2.5039822449749867,4.161320644206052,10.028413564759433,72.8,B
IT,Yes,Yes,52,56,34,33,44,2.5639912172476844,5.238680800360639,22.515608954057527,43.8,F
Mechanical,Yes,Yes,63,60,62,68,69,5.486417422508527,6.092732270072863,27.47863221112541,64.4,C
Civil,No,No,71,72,76,72,96,3.126046675138321,7.931779686480885,11.853404179798458,77.4,B
IT,No,No,84,84,81,81,79,5.89569318691157,4.448046852272823,26.236610748213884,81.8,A
EEE,No,Yes,33,48,35,57,44,5.974815156911588,7.320929458936682,20.877513437113166,43.4,F
Civil,No,No,57,41,45,50,65,4.553786772445591,6.76976141007252,20.75463922636431,51.6,F
EEE,No,Yes,40,53,55,38,46,1.1938292073114276,4.557861854660726,19.258310655031202,46.4,F
Mechanical,Yes,No,61,62,63,66,99,7.749020571058907,5.298207624129999,24.96761434606597,70.2,C
IT,No,No,68,66,63,62,95,3.2241138263234785,7.964606580592748,15.558196977574882,70.8,C
Civil,No,Yes,61,62,65,68,67,3.3613067177239033,6.532427290870927,6.255328036439318,64.6,C
IT,No,No,33,39,58,51,66,4.4763666984422,6.177015637403452,28.91245311942746,49.4,F
EEE,No,No,91,95,98,93,94,5.982059640222341,7.924574927167288,19.23849448917759,94.2,A+
EEE,Yes,Yes,86,84,84,86,96,5.095549095443421,4.905101003266399,27.39244907998431,87.2,A
EEE,Yes,Yes,88,82,88,84,81,1.6052025498410663,4.005713372316707,16.239583823006555,84.6,A
Mechanical,Yes,No,72,71,71,71,64,2.9258943016326446,6.0285755305615405,24.657322314906946,69.8,B
Civil,Yes,No,68,63,63,61,73,4.563024118378328,7.5512724598599945,22.34394800872688,65.6,C
EEE,Yes,Yes,52,55,56,47,50,2.6835842968387587,5.226674521252466,29.039474275972896,52.0,F
EEE,No,No,91,98,92,94,85,4.3542731434081166,4.102568263225743,13.53119569065391,92.0,A+
Civil,Yes,No,63,61,67,66,70,3.66776528205798,6.454848727416913,20.590648682431606,65.4,C
IT,Yes,No,85,82,84,82,70,5.219924662769455,6.91014570892057,7.878894685071759,80.6,A
Mechanical,Yes,Yes,97,98,94,92,80,5.656380544873401,6.092261699076477,13.970762103087562,92.2,A+
EEE,No,Yes,38,43,34,56,61,6.4240568725077525,6.158822061306523,8.717221809874507,46.4,F
Civil,No,No,41,56,45,52,67,1.2020538762062154,5.580354089426532,28.262020489496674,52.2,F
IT,No,Yes,80,81,80,88,68,7.209835220565889,5.67939479074527,17.422387962501222,79.4,A
Civil,No,Yes,55,33,45,36,51,1.6926661118057442,6.730567205780243,11.320905076869751,44.0,F
EEE,No,Yes,98,96,90,92,72,3.6240940566659283,5.142848345127443,26.714978204736507,89.6,A+
Civil,No,No,66,63,68,68,71,4.237744603069943,5.253901159736406,21.6269359999607,67.2,C
Mechanical,Yes,No,84,88,81,81,97,2.926190787416476,5.591841385523029,28.286974814917016,86.2,A
Mechanical,No,No,81,85,87,81,86,2.3462104094904537,5.855745053819564,11.145464675564366,84.0,A
EEE,Yes,Yes,95,92,96,96,84,2.1259372177042235,6.232169300595868,25.293805421642748,92.6,A+
Mechanical,Yes,Yes,98,95,97,91,71,2.227598950364147,7.657647783699839,15.469263122301827,90.4,A+
EEE,Yes,Yes,77,78,75,78,69,3.305137190052195,5.694162308966033,19.290915449353314,75.4,B
Civil,No,No,68,64,67,60,60,3.4409196759008487,7.054588130092879,7.423784815667868,63.8,C
EEE,Yes,Yes,78,75,76,74,89,2.7425029140021557,6.361523860815443,6.752951143674741,78.4,B
Civil,Yes,No,98,93,91,95,63,7.30962954711911,7.511564636165311,12.929892919134964,88.0,A+
Civil,Yes,Yes,84,85,80,83,68,2.648961542161509,7.73001581238953,26.48757439062245,80.0,A
Civil,Yes,No,83,80,87,88,63,4.189546846079143,5.92806935910773,23.94441400937895,80.2,A
IT,No,No,68,60,65,67,77,4.2517692446709345,6.9924409646397425,10.541596077184707,67.4,C
EEE,Yes,Yes,99,95,96,93,70,6.0975144402830175,5.4711325308770125,20.807645764839485,90.6,A+
Civil,Yes,No,80,84,83,88,90,4.653671024349947,6.3557322997822565,23.79190430057298,85.0,A
EEE,Yes,Yes,63,67,66,61,72,6.413160691383179,6.281831661151443,7.310572922626755,65.8,C
IT,Yes,No,99,94,99,94,96,5.22060013535623,7.30682943896595,29.600329080261606,96.4,A+
Civil,No,Yes,65,61,60,61,69,1.2725359510255982,4.143959315474671,25.78923745912154,63.2,C
Civil,Yes,Yes,84,86,83,80,68,6.572051816990983,7.014936281712018,10.387518971688776,80.2,A
EEE,No,Yes,65,64,68,63,64,7.698219098430764,7.516248018209001,15.112910077878293,64.8,C
IT,No,Yes,60,65,66,64,75,7.6496850653254285,7.222547701099673,14.438635574888929,66.0,C
EEE,Yes,No,86,88,81,85,90,2.7059574833303985,5.223579253046079,17.078366139137486,86.0,A
IT,No,Yes,95,96,99,96,85,5.280595976059764,4.326376721600962,5.12962156934967,94.2,A+
IT,Yes,Yes,75,75,73,77,80,5.13298272175524,4.387669308267979,18.700537430728374,76.0,B
Civil,No,No,85,87,82,80,92,7.074062069635646,5.728464947207717,29.164769255582918,85.2,A
Civil,Yes,No,78,73,70,77,80,3.7197180360422943,7.462908948427175,23.110558506732875,75.6,B
Mechanical,Yes,No,99,95,90,97,99,5.671452786324998,4.041710797589612,11.385337117130488,96.0,A+
Civil,Yes,No,73,70,70,74,88,2.9280093254763098,7.870959818636344,13.038545809946784,75.0,B
Civil,Yes,No,95,91,99,92,89,2.4642982578554946,4.1999161146387145,26.091241601295593,93.2,A+
Mechanical,Yes,Yes,82,82,86,81,92,6.220023663433511,7.303763676447673,22.414035053601154,84.6,A
IT,Yes,No,77,76,75,74,79,6.362181296635075,5.355204679708452,9.390661639200058,76.2,B
Civil,Yes,No,88,85,87,83,84,5.6482312317792225,4.9502400582710795,17.231981526290078,85.4,A
EEE,Yes,Yes,67,65,62,62,65,6.502003444541568,6.8458169674569165,8.690899102006593,64.2,C
IT,Yes,Yes,75,71,77,77,89,5.294695189145012,7.780149861454418,6.2067971739495365,77.8,B
EEE,Yes,Yes,98,95,95,94,69,3.129391037453966,5.21577004902011,10.760416552933748,90.2,A+
Mechanical,No,No,85,82,87,88,99,6.91404859787356,5.438702244892271,22.180858586517072,88.2,A
IT,Yes,No,97,98,90,94,67,4.712480756097793,4.0714475699132775,24.91994569660069,89.2,A+
Civil,No,No,66,61,61,60,77,2.7670972411957733,6.306063161954551,29.09607128984649,65.0,C
Mechanical,No,No,95,92,95,99,68,5.08489877127373,6.103024878236539,11.238109170956216,89.8,A+
Civil,No,No,95,94,93,92,92,1.9409027385728197,4.253499881891071,29.74900580974863,93.2,A+
IT,No,Yes,93,92,99,94,64,4.875921366420606,4.850911580096916,28.654863572042256,88.4,A+
Civil,No,Yes,81,88,86,83,78,5.615960734573983,6.311228201004338,26.652538634445868,83.2,A
Civil,No,No,98,91,97,97,87,5.285805901168106,5.937593790296162,21.520502957481266,94.0,A+
EEE,No,No,80,81,83,81,69,5.651154599652817,6.835197059624615,9.446994886515714,78.8,A
EEE,No,Yes,60,61,61,62,83,3.119232993298627,5.978472060440129,8.29957495031018,65.4,C
EEE,No,No,60,68,62,61,96,5.287426549679584,6.951812481011753,24.181957526341208,69.4,C
IT,Yes,No,66,60,63,61,92,6.81586075811407,5.635255560293642,22.31953766070859,68.4,C
Civil,No,Yes,66,66,63,66,86,3.1683520822963094,7.885189841226368,7.946502716994254,69.4,C
EEE,Yes,No,36,52,55,30,43,6.695452166612815,4.017926773302115,17.530818166960202,43.2,F
IT,Yes,No,85,85,87,87,81,5.064516581367439,7.743748992994238,21.806267182354865,85.0,A
EEE,No,Yes,44,44,56,54,45,7.885135543890322,7.506999452526522,9.009147747622684,48.6,F
Mechanical,No,Yes,94,96,96,94,74,3.660521562560437,4.788616506291509,16.97958073609,90.8,A+
EEE,Yes,No,78,73,73,73,69,2.4421660650745904,7.313778154217542,18.444312281891087,73.2,B
EEE,No,No,40,52,50,49,69,7.732217636932166,7.916340189506352,24.825309969234965,52.0,F
Civil,No,Yes,76,72,76,78,86,4.464879562987226,4.52372500850711,22.40553590303181,77.6,B
Civil,Yes,Yes,62,66,66,64,94,3.899403880132504,4.178226526470613,24.611038551768225,70.4,C
Mechanical,No,Yes,52,47,40,57,67,3.7215658327298184,4.476400230437422,7.011080005233357,52.6,F
Civil,No,No,87,84,87,88,66,7.521885815768181,6.481485008494884,25.093880900294067,82.4,A
Mechanical,Yes,Yes,97,91,97,96,65,1.8758767999922286,7.40188645904335,13.61510211118899,89.2,A+
Mechanical,No,Yes,67,67,60,64,87,1.0881482886724636,7.5928940753286485,19.533480423307466,69.0,C
Civil,No,No,39,57,31,36,48,7.745782905823515,5.601243596924451,14.095052710808371,42.2,F
EEE,No,Yes,75,77,72,72,65,5.441744533562754,6.130846488155941,14.81315496044568,72.2,B
IT,Yes,Yes,46,53,56,55,56,5.668266896092396,6.681280263323126,27.528280982154296,53.2,F
Mechanical,No,No,62,65,67,67,80,6.1017552606492185,6.991106553088403,14.936348141675671,68.2,C
EEE,No,Yes,83,84,81,80,98,3.7998811280549796,4.229567374753094,19.582681204605116,85.2,A
Civil,No,No,66,66,62,62,66,2.0315508150843784,6.776907264166818,27.315019743188515,64.4,C
EEE,Yes,Yes,97,97,95,99,94,4.480791512202817,5.35910988624754,26.803392500561912,96.4,A+
Mechanical,Yes,Yes,66,60,63,63,60,4.555259466718944,7.240823398013342,25.97804007765412,62.4,C
Mechanical,No,No,71,74,76,77,99,4.451203731647276,6.256507775047986,21.348284000428006,79.4,B
IT,No,Yes,63,66,65,67,84,7.61412949337381,4.024514589254723,16.6033796799683,69.0,C
IT,No,No,93,91,98,98,97,5.53399219744045,7.184962382251417,23.850575873209557,95.4,A+
Mechanical,Yes,No,87,81,83,85,86,5.970928483951761,5.091799978925952,13.535631740107458,84.4,A
Civil,No,No,38,41,58,32,52,5.775404241532362,5.762825769638944,24.91477340994111,44.2,F
Mechanical,Yes,Yes,61,61,68,63,80,1.8287778899935785,7.024286440887046,7.452971847512811,66.6,C
IT,Yes,Yes,92,90,95,97,71,5.809134865522699,5.975256161827715,14.691220136391177,89.0,A+
EEE,Yes,No,86,80,80,84,80,3.7112576258271983,4.264660755337761,5.478887138781323,82.0,A
IT,Yes,Yes,85,81,84,83,98,1.273044945339727,5.822267127960435,27.274347117267595,86.2,A
Civil,No,No,97,94,91,99,97,4.745178532192529,4.577550528534669,24.599683967233887,95.6,A+
EEE,No,Yes,84,84,81,86,88,7.136296789111242,6.915479217953365,12.536576486470018,84.6,A
EEE,Yes,Yes,71,72,72,78,95,6.632491881342741,4.551579769658306,24.399421245381056,77.6,B
Mechanical,No,Yes,91,91,90,93,85,1.8625585792051624,7.437663173122356,24.99452738560054,90.0,A+
EEE,No,Yes,61,65,66,67,65,4.845551860109881,4.282683858780422,18.52431264786167,64.8,C
Civil,No,No,87,85,81,86,95,2.837395055304137,6.324861909957534,22.95419868901284,86.8,A
Mechanical,Yes,No,78,76,78,72,94,5.001393853528159,4.185611544060503,20.598987735800357,79.6,B
Civil,No,No,77,70,76,72,93,6.971094912915479,7.2237126136614345,8.305288070507492,77.6,B
EEE,No,Yes,75,74,74,71,63,3.3473676684374722,6.431837403329368,19.39463027223529,71.4,B
EEE,Yes,Yes,63,68,64,66,71,5.937862117814387,7.748038798048575,10.620964367949362,66.4,C
Civil,No,No,36,34,39,35,43,5.559802510906417,6.13961913675918,16.483659283183535,37.4,F
IT,Yes,Yes,74,74,77,78,61,6.741938018380582,4.837287264188069,11.021951592637068,72.8,B
EEE,No,No,71,70,78,74,80,1.4165870979478206,5.093315506663563,28.116567207289894,74.6,B
IT,No,No,99,94,91,98,83,7.702136133266674,4.035453140453876,29.945521392049454,93.0,A+
EEE,No,No,72,75,76,70,77,2.1977173488938133,7.4930174267666905,22.6227783182834,74.0,B
Civil,Yes,Yes,85,88,83,86,61,5.9660720524378235,5.085968010170845,27.606082285189128,80.6,A
EEE,Yes,No,61,60,63,66,87,3.3545809831859685,6.688337562424252,5.802993901695362,67.4,C
Civil,No,No,78,71,75,73,82,6.176524184342579,7.874054227532792,16.38677926823419,75.8,B
EEE,No,No,95,98,94,96,72,2.6071871252777807,4.47020520060088,9.132112253573936,91.0,A+
IT,No,Yes,80,82,85,80,89,7.0947002775002455,5.687319342090614,22.282544233380722,83.2,A
Civil,Yes,Yes,78,73,72,71,91,1.0704979438259823,5.0991610576871995,7.734998136508349,77.0,B
IT,Yes,Yes,97,96,97,95,96,4.8970510934835625,6.883252385242026,25.132874183947628,96.2,A+
EEE,No,Yes,96,93,90,94,75,3.788011687829449,4.3667973404457205,13.409261595710552,89.6,A+
IT,Yes,No,51,47,56,37,35,5.48729622787526,5.521376684998156,9.615680168432885,45.2,F
Civil,No,Yes,76,73,75,77,75,3.2451316464127116,7.470566458880894,10.814201856420715,75.2,B
IT,Yes,No,93,95,96,96,73,6.256578588543228,4.405491590212637,11.946319402242807,90.6,A+
Mechanical,No,No,42,49,46,56,68,4.226688598792279,6.833563420139342,7.242784401325851,52.2,F
Mechanical,Yes,No,84,80,81,88,61,7.916097734457951,5.557559118667494,23.31531748100997,78.8,A
IT,Yes,No,73,71,72,77,83,3.1689298172729594,4.343177139597958,7.2733862478260285,75.2,B
IT,Yes,No,56,30,45,33,35,4.489814148319052,7.502613550698344,7.714078617570234,39.8,F
Civil,Yes,Yes,98,93,95,99,80,7.687342805527498,7.14761354502118,12.88517239370032,93.0,A+
Mechanical,No,No,67,61,61,64,90,7.564718756627934,4.0171270313444145,27.135969109057644,68.6,C
Civil,Yes,No,95,92,96,99,91,5.4283532519376365,7.72811242204007,7.562743199766981,94.6,A+
Mechanical,Yes,Yes,44,41,36,36,49,4.775927349274269,5.70922417293796,29.31774933903466,41.2,F
Civil,Yes,Yes,64,63,64,65,82,7.827058360010325,6.8176221766503,22.8047932063301,67.6,C
EEE,Yes,No,30,58,38,38,51,2.6969546650425174,4.674328013990477,14.858519827358075,43.0,F
Mechanical,Yes,Yes,66,64,67,64,66,7.895068234806124,4.3850023329509025,12.143285714144533,65.4,C
EEE,No,Yes,72,71,70,72,69,3.425029942796411,4.076995855395576,25.630373643796077,70.8,B
Civil,No,No,60,66,64,60,81,7.69709339540124,5.19786685179034,29.755947102182958,66.2,C
IT,Yes,Yes,31,39,50,53,45,2.137153694912654,7.943215690894353,16.604890560540774,43.6,F
Civil,Yes,No,86,80,85,82,83,1.647616348281661,4.403766502225595,9.975282360379707,83.2,A
Mechanical,No,Yes,57,37,39,54,65,1.0454266497089804,7.958891561865226,14.098472085101072,50.4,F
IT,No,Yes,76,70,77,74,72,1.7489388282223632,6.877839870679887,26.36421660081602,73.8,B
Mechanical,Yes,Yes,70,70,77,73,75,7.7312141790241515,7.0785686555346174,17.20774107064613,73.0,B
EEE,No,No,96,96,97,94,94,7.210489198034286,5.888859700647798,7.989856148457543,95.4,A+
Civil,Yes,Yes,49,36,34,43,38,5.757486684997711,7.91213675554274,25.748057824587264,40.0,F
IT,No,Yes,63,65,64,68,70,6.450209510903895,4.994828623865871,21.9545646147267,66.0,C
IT,No,Yes,92,99,91,92,90,3.178522465443755,6.708482558940037,20.144481236317258,92.8,A+
Civil,No,Yes,78,77,76,72,67,7.47145997941837,6.086972903163659,5.335236346803078,74.0,B
Mechanical,No,No,62,60,61,63,76,2.944736462937664,6.668874442373836,27.39635642521326,64.4,C
Mechanical,Yes,No,95,94,95,96,87,2.9303729777594985,7.508362324072756,28.601052345634947,93.4,A+
Mechanical,No,No,83,80,84,87,79,4.982449840913014,7.526835878554339,28.547639681510503,82.6,A
IT,Yes,No,85,81,84,81,91,5.740014766701685,4.476085217972564,6.723196953366216,84.4,A
EEE,No,Yes,71,73,73,70,85,7.867206423805533,6.454831878174989,24.838435055720772,74.4,B
Mechanical,No,Yes,71,70,71,77,68,2.905683797542313,5.53664303181385,25.898387250412696,71.4,B
IT,No,Yes,94,95,96,97,83,7.924294368693513,6.973411291574497,6.624660237072351,93.0,A+
Civil,No,No,76,70,78,73,80,5.059733863745778,4.356012711930719,22.34980270973189,75.4,B
EEE,Yes,Yes,94,97,97,93,90,6.669021311524103,7.789580998345787,13.433503525425587,94.2,A+
Mechanical,Yes,Yes,70,72,74,75,62,2.073923055876212,5.684543424969998,6.7125698142973516,70.6,B
Mechanical,Yes,Yes,74,71,70,77,97,5.053908628245344,4.756310615113396,27.522693256674767,77.8,B
Mechanical,No,Yes,72,73,73,74,87,5.113830892918732,5.045313583763607,29.623949240645775,75.8,B
Mechanical,No,No,33,47,43,55,67,6.302688958929911,7.364110551029647,24.045327421896594,49.0,F
IT,Yes,Yes,77,72,74,76,92,7.2586967527431145,7.679483736522171,6.3789147650446365,78.2,B
Mechanical,No,No,72,75,77,73,64,7.020514632928549,4.490512199912026,15.836592493328093,72.2,B
IT,Yes,No,84,86,82,81,88,5.069247138075373,4.315719420153649,9.79178297075686,84.2,A
Mechanical,No,No,93,98,98,98,69,4.320352769343497,4.455826538857268,17.150387574438497,91.2,A+
Civil,Yes,Yes,54,39,47,45,47,2.51106478361642,6.837562981004515,28.376104909768262,46.4,F
EEE,No,No,66,68,62,62,83,1.0773300164894433,4.2388436195055625,29.821585840088808,68.2,C
Civil,Yes,No,92,91,95,91,78,4.797350450035573,5.973107387135198,7.038162238810667,89.4,A+
EEE,Yes,No,73,71,71,70,80,7.31571936167362,7.502868146235757,25.03542027271568,73.0,B
Civil,Yes,No,72,75,76,76,77,2.5475521158540935,6.049759074975537,18.64756398167019,75.2,B
Mechanical,No,Yes,78,75,75,74,86,1.0946209018980404,4.648682908548752,29.622869150422616,77.6,B
Mechanical,No,Yes,88,83,88,81,75,3.0856845192180584,5.820302542081538,9.088844863254685,83.0,A
EEE,Yes,Yes,86,85,85,82,67,5.0025252115518635,5.736208704323827,8.189254364284272,81.0,A
Mechanical,Yes,No,62,62,63,65,64,1.9113254444056167,7.869276688922365,25.285187567516406,63.2,C
EEE,Yes,Yes,35,48,54,33,33,6.634916392419457,7.705477348396718,7.122376361257592,40.6,F
EEE,Yes,No,85,83,84,80,66,7.465653862847569,7.990072524690699,5.811276919766893,79.6,A
Civil,Yes,No,93,91,93,90,82,3.6663666785769107,5.385287074356015,10.976383304931641,89.8,A+
EEE,Yes,No,43,49,43,43,67,1.241456802080157,5.30303941571159,28.98322770584668,49.0,F
IT,No,No,77,72,78,74,99,5.061599725393992,7.616139945818237,13.004529185710965,80.0,B
EEE,Yes,Yes,86,87,84,86,83,7.980665299325219,4.120104021317571,27.434146644773296,85.2,A
Civil,No,No,95,96,90,94,80,1.8726387684228678,7.683367530469489,26.747409051553205,91.0,A+
IT,Yes,Yes,74,74,78,70,80,4.893654758180409,5.645643727041862,28.693320100157635,75.2,B
Civil,Yes,No,60,61,67,64,98,1.8478961889842722,5.090522035470022,17.691202150440613,70.0,C
IT,Yes,Yes,93,95,99,95,85,4.684818626552793,6.9263580870213275,7.0407495507647395,93.4,A+
EEE,No,No,88,85,82,86,94,3.297631739748376,5.815959644798796,24.06117396687171,87.0,A
Civil,Yes,Yes,39,38,35,30,66,1.775201841338299,5.155404493326525,10.197201381578612,41.6,F
Civil,No,Yes,85,87,85,83,95,5.88482949853619,7.601056444808282,24.8047798700419,87.0,A
Mechanical,Yes,Yes,46,35,46,34,52,6.215508302140419,6.268654237133058,12.638279158622101,42.6,F
Civil,No,Yes,82,88,88,81,62,5.9627498698664425,7.624403714721703,8.443352472195215,80.2,A
IT,Yes,No,65,66,65,65,60,6.296842412932237,5.815731129214247,10.30403157327573,64.2,C
Civil,No,Yes,45,36,41,58,44,1.1211008591867886,7.114141484013622,13.207806838561593,44.8,F
IT,No,No,61,60,68,60,74,7.22976108122677,7.143201860751898,12.406393832919603,64.6,C
EEE,No,Yes,87,85,80,84,94,7.53624596101029,6.735465807341373,18.289303817168282,86.0,A
Civil,No,Yes,88,81,80,81,76,2.150007902906865,7.132645723694789,8.06244654914973,81.2,A
IT,No,Yes,94,91,94,93,74,6.690900171012654,6.872492304905977,28.88809239887337,89.2,A+
EEE,Yes,No,97,98,99,99,96,6.62101450370486,6.0720322656185,8.508112954837875,97.8,A+
Civil,No,No,84,87,84,88,70,5.668492132210765,5.741585293599005,28.828002859853445,82.6,A
Civil,No,No,68,66,61,62,79,2.656457184434686,7.507332115785488,25.487940118764662,67.2,C
Civil,No,Yes,46,32,37,51,58,1.2998612483229888,6.70316385451194,15.367253854144659,44.8,F
Mechanical,No,No,65,62,60,63,92,4.241826237653153,4.6304453962514724,19.757800262269043,68.4,C
Mechanical,No,No,42,32,41,53,69,2.697776312860599,6.58324352020483,12.591341143440026,47.4,F
Civil,Yes,Yes,76,77,78,78,75,1.0797276766198696,6.786028733907557,14.401044777728911,76.8,B
EEE,No,No,72,75,73,78,96,3.8765303347393076,6.516876772033168,22.482823028882592,78.8,B
EEE,Yes,Yes,38,49,32,55,44,3.9170338048113433,6.47189218738923,21.634442728787693,43.6,F
Civil,Yes,No,71,78,76,77,78,2.55045484201748,4.1391967994734005,15.231239344634933,76.0,B
EEE,Yes,No,62,60,61,60,64,2.676421001990909,4.884886056729197,29.669914854497417,61.4,C
Mechanical,No,No,83,83,81,88,88,3.4466596081857865,5.262884519081954,24.78407297807215,84.6,A
EEE,Yes,Yes,95,99,97,91,73,4.1217081490722505,6.590294573607631,19.859896480713633,91.0,A+
EEE,Yes,Yes,65,64,61,68,97,5.755859903165909,6.26177399826137,15.907233982342357,71.0,C
Civil,Yes,Yes,67,62,68,67,78,6.613442745791879,7.660307061115224,23.91484835035325,68.4,C
Mechanical,Yes,Yes,77,73,77,70,90,2.3204257249685236,6.031589664013524,18.21460503593606,77.4,B
EEE,No,Yes,86,87,88,85,97,2.9505014418052546,4.874839201294333,9.570944496720427,88.6,A
IT,No,No,83,80,85,81,64,1.596878391281742,7.4647348354761185,17.479661273333264,78.6,A
IT,Yes,Yes,67,61,67,60,99,3.7762615953404133,5.480014162300126,12.120009356238771,70.8,C
Mechanical,Yes,No,80,86,83,85,70,6.795474681817187,7.084972296132712,5.970323695295053,80.8,A
IT,Yes,Yes,62,68,67,64,82,7.0529977401271156,4.268270606161156,21.2576789326814,68.6,C
IT,No,Yes,86,88,80,81,78,4.991271422282858,6.440784035943338,28.559285986710364,82.6,A
EEE,Yes,Yes,93,96,92,98,67,5.481388180917366,5.193739649447506,11.009559717487095,89.2,A+
Civil,No,No,71,70,71,76,81,5.0963634977499765,5.478951243490755,17.151438547567025,73.8,B
Mechanical,No,No,61,62,64,61,63,5.056138934740828,7.608777160489514,5.297611721196259,62.2,C
EEE,Yes,No,51,33,45,31,45,3.6845131678113496,4.005702913150131,23.294300627174685,41.0,F
Civil,Yes,No,90,98,90,90,61,2.603177736473574,6.171397242453636,15.788203578411066,85.8,A+
EEE,No,Yes,93,97,96,91,87,6.606645062776798,6.708673369531927,19.334176041798333,92.8,A+
EEE,No,Yes,32,42,31,53,30,5.621208491528698,7.178507164107126,23.782682391304412,37.6,F
Mechanical,No,No,43,31,58,45,67,6.211418729644864,4.422571395480968,29.54418377994914,48.8,F
Mechanical,Yes,Yes,95,94,94,95,82,5.180918507012387,6.100126003441073,11.505834198788182,92.0,A+
EEE,Yes,No,74,74,78,77,73,6.683870434799971,5.278085807229903,9.088875960345455,75.2,B
Mechanical,No,No,75,77,70,73,74,7.1157090902583535,5.847337738242434,5.529806155696319,73.8,B
Civil,Yes,No,70,71,70,74,97,2.3331989792103216,5.7686245524512465,6.787575608290884,76.4,B
Civil,Yes,No,49,55,45,35,52,4.26972584619989,7.339896293459561,9.440495486380055,47.2,F
Mechanical,Yes,Yes,63,65,63,66,80,3.3780018068525903,7.743820614914414,9.118525959081797,67.4,C
Mechanical,Yes,No,60,67,64,65,81,7.684355362545024,7.835618419380821,25.939068366908096,67.4,C
EEE,No,No,92,94,94,90,99,7.788747315549813,5.815158165534557,10.901261583661599,93.8,A+
EEE,No,Yes,86,87,81,85,70,4.396867196398351,7.111637626994147,14.559083276540697,81.8,A
Civil,Yes,Yes,97,94,90,94,95,7.748201930158596,7.637818443748968,23.053580886397647,94.0,A+
Mechanical,Yes,Yes,61,65,66,62,86,3.726844151370657,6.045182984984138,28.22690900642059,68.0,C
EEE,Yes,Yes,68,67,63,60,69,5.79903803270778,6.7407624280574545,5.674625896712308,65.4,C
Civil,Yes,Yes,40,38,35,53,63,6.393025367808637,4.924385912973248,27.586092413523193,45.8,F
Mechanical,No,Yes,34,36,35,55,61,5.711063706741366,5.218319788348996,5.890744884753484,44.2,F
IT,Yes,Yes,67,65,64,66,65,6.423051358265392,7.787164689126483,7.51101044654915,65.4,C
IT,Yes,No,84,80,83,83,69,6.6356536375966835,7.402320789226398,18.763632515499886,79.8,A
Mechanical,Yes,No,78,72,75,78,94,7.949396905589136,7.134335578971535,28.049686899129316,79.4,B
IT,No,No,96,90,90,92,85,3.7106608982466716,7.626288842688651,5.401546624525154,90.6,A+
EEE,No,Yes,42,37,56,50,31,4.956584668195815,4.023733986984226,10.387528895844138,43.2,F
Civil,No,No,85,80,80,88,69,4.152452700465549,6.995852603441595,13.924560736716597,80.4,A
Mechanical,No,Yes,76,72,73,78,93,6.43590230249654,7.286597335520289,6.487004077709739,78.4,B
Mechanical,Yes,No,70,74,73,76,88,7.281933350547216,6.624584367389769,27.04637002051707,76.2,B
Civil,Yes,No,35,54,46,49,47,5.782936272956729,5.077753962992366,19.968083526418262,46.2,F
Civil,Yes,Yes,68,68,62,62,97,7.096233990186667,4.853846064555875,15.659747369235628,71.4,C
EEE,Yes,Yes,60,62,64,65,74,3.4830386412916106,4.108810034861903,18.829587306443237,65.0,C
IT,Yes,Yes,67,67,64,65,67,7.1095742755561,7.1879506190359415,17.87449526620862,66.0,C
Civil,No,No,57,53,38,56,57,2.854516203556842,4.885079994503524,9.895626221378944,52.2,F
Civil,No,Yes,92,99,92,97,99,7.05145016215144,6.935639675814807,18.031507804510372,95.8,A+
Civil,No,No,86,88,81,87,84,1.5888936358156798,5.572415630237604,7.506139093071916,85.2,A
EEE,Yes,Yes,96,94,93,99,98,1.7179757380851286,5.570922973085665,18.834279743744297,96.0,A+
EEE,No,Yes,65,62,67,63,94,3.1013452901396508,7.025781905470128,15.851631529940725,70.2,C
Mechanical,Yes,Yes,93,93,94,92,94,2.9288355745363837,6.488158249483975,29.811057234369475,93.2,A+
IT,No,Yes,76,70,76,75,99,6.943925735919574,7.498807937306848,9.264009450162963,79.2,B
IT,No,Yes,40,57,48,35,49,7.416769275562292,4.933063607668172,24.52019119374518,45.8,F
EEE,Yes,Yes,66,63,60,64,62,7.876966370120788,5.504599136917776,10.008012151845534,63.0,C
Civil,Yes,No,77,75,77,72,85,1.488596394263248,5.914806882277329,9.308730353624082,77.2,B
Mechanical,No,Yes,78,73,78,71,79,2.4781062620234886,6.00852656367813,5.50029309071937,75.8,B
Mechanical,Yes,No,76,76,70,70,79,3.198308021123509,5.838398198552895,10.92032318634423,74.2,B
EEE,Yes,Yes,36,51,50,35,43,3.7543638541203834,7.859292501888991,19.292058152481776,43.0,F
EEE,No,Yes,57,31,41,51,38,7.304391062164282,5.281006921480724,16.518703374859296,43.6,F
Civil,No,No,42,32,39,51,61,2.6626612929364817,6.716510949603493,17.287282556488066,45.0,F
EEE,No,Yes,71,76,76,73,88,4.279228659609606,6.393224302784075,5.774265085562753,76.8,B
Civil,Yes,No,44,36,41,51,68,4.82301129324364,6.60590435171628,17.91690981513355,48.0,F
Civil,No,Yes,70,77,71,70,99,7.750724796600821,4.868896396604326,22.85329984005382,77.4,B
IT,No,No,94,98,91,92,82,1.0912069742995862,4.056760197583069,25.734790673962813,91.4,A+
IT,Yes,No,61,62,64,63,61,3.651947283455323,4.6942427202912755,27.820971454849378,62.2,C
Civil,Yes,No,94,99,98,91,96,3.324695557751955,5.36721482196873,23.475663944698965,95.6,A+
IT,No,Yes,50,58,38,31,68,1.4338252519266357,7.55232152903522,26.72176988848466,49.0,F
EEE,Yes,No,61,64,64,66,92,6.551504233264202,6.18606418006892,15.553879123187002,69.4,C
Civil,Yes,Yes,32,36,31,30,30,1.6445634518653383,4.958976691753033,7.500452250608056,31.8,F
IT,Yes,No,95,93,91,91,68,1.3618778606906887,6.560011867347654,10.617529424316999,87.6,A+
EEE,No,Yes,92,96,90,93,91,2.7450456040421245,5.641531692142519,23.888778463576216,92.4,A+
IT,No,Yes,37,37,51,30,42,3.2441111419421373,5.0982870025989655,15.173397800783668,39.4,F
IT,No,No,95,91,90,96,85,4.480223348058991,6.471388960804855,26.722624611967955,91.4,A+
Mechanical,Yes,Yes,85,84,80,88,68,2.919490223869029,4.1064334643107365,23.380712952539902,81.0,A
IT,Yes,Yes,77,74,77,70,67,2.749133471158344,6.464869585176556,17.471820528847026,73.0,B
Civil,Yes,Yes,99,95,96,95,78,6.277733325177488,7.2196271073657545,5.450163890011362,92.6,A+
Mechanical,No,No,61,65,62,61,90,6.299083074231522,6.175574785970564,26.921194353852798,67.8,C
EEE,No,Yes,61,62,68,67,80,6.227051211788435,4.439439028210934,15.61708729242401,67.6,C
EEE,No,No,72,75,72,71,96,6.778715763427246,5.10094442372449,6.880050719070061,77.2,B
Civil,Yes,Yes,83,87,83,85,89,2.2092972937234694,6.487923160375496,27.049388878515185,85.4,A
IT,Yes,Yes,91,92,90,95,86,3.7283157119854446,5.518011613498874,10.668259573087767,90.8,A+
EEE,Yes,No,71,77,78,70,98,3.819498738325465,6.355241080624893,7.230554201430965,78.8,B
Mechanical,Yes,Yes,73,70,72,74,81,5.939615337117626,5.956919600818452,14.573434557290428,74.0,B
Civil,Yes,Yes,36,41,42,34,35,2.495990823968053,5.068829107026277,10.83135804556371,37.6,F
EEE,Yes,Yes,98,92,96,99,69,6.204557794041254,4.643039584193232,25.449175602976556,90.8,A+
Mechanical,Yes,No,72,78,76,70,77,3.5375681192548654,6.3465853110997,20.60931744809026,74.6,B
Civil,Yes,No,53,58,52,38,32,2.950863980119779,6.122024400358172,18.90928741113529,46.6,F
EEE,No,No,82,81,83,82,66,4.937005618825447,5.117781229275611,24.56250360950734,78.8,A
Mechanical,Yes,No,96,93,98,94,95,6.929425788887297,4.0943798585821165,27.464015116870982,95.2,A+
Civil,Yes,No,64,64,61,63,86,3.425465442237775,7.097594148069023,11.561407574622258,67.6,C
EEE,No,Yes,48,39,45,42,37,5.472619352987747,5.907791064758139,29.68361250377788,42.2,F
Civil,No,No,73,70,71,77,73,4.444571937718906,6.125443326781067,10.03125911377924,72.8,B
Mechanical,Yes,Yes,84,85,82,81,65,7.65573061941502,4.839590518344923,11.522964491254202,79.4,A
EEE,Yes,No,96,91,90,98,76,5.438039921697279,6.1599415188634215,24.49613487877859,90.2,A+
Civil,Yes,No,41,45,43,52,39,2.262059997003525,7.606272342111154,9.225937909063777,44.0,F
IT,Yes,No,85,82,87,88,63,7.278967025550878,7.384496842120926,9.570334713480648,81.0,A
IT,No,Yes,98,91,94,98,79,6.893792600476961,5.881276216407143,17.55125533721118,92.0,A+
Civil,Yes,Yes,81,88,87,86,94,3.2380459453789796,7.472392639468252,27.031267042047244,87.2,A
EEE,Yes,No,80,85,88,87,70,2.583061198614829,7.491320936613281,25.36413030283757,82.0,A
Mechanical,Yes,No,44,45,51,49,62,5.403417834376206,5.675017991680859,15.462269107131577,50.2,F
EEE,Yes,No,75,77,70,74,71,4.580753359643543,7.774260868627907,6.047009845969388,73.4,B
EEE,No,No,87,85,83,87,88,7.409705625831549,6.465257968931585,11.15715047026329,86.0,A
EEE,Yes,No,90,91,95,91,74,5.757342329145755,4.304956871894258,11.8675953761973,88.2,A+
Civil,No,Yes,33,58,45,31,47,4.79787270643628,4.76785603649261,18.434885630834117,42.8,F
IT,No,No,91,93,95,92,67,5.039284651233376,6.791025104293718,5.152218705995977,87.6,A+
Civil,Yes,Yes,63,67,65,66,90,3.8691889161268946,6.536308244834262,5.602795983159946,70.2,C
Civil,Yes,No,32,40,32,55,47,6.241065447076639,6.090824012688408,20.45883447446389,41.2,F
Civil,Yes,No,98,93,90,93,92,6.225439835826169,6.598531596188859,26.23058526235445,93.2,A+
Mechanical,Yes,No,33,31,43,34,60,1.5675903888640055,7.182181105674756,13.112619515500239,40.2,F
EEE,Yes,No,87,87,85,84,67,6.409880583985523,7.212682046530924,8.8353220597272,82.0,A
Mechanical,No,Yes,74,72,71,78,91,4.679055618435692,5.986580849558018,8.604195395451237,77.2,B
IT,No,No,97,93,92,96,87,7.947384515108626,7.708003871697182,18.49892825701399,93.0,A+
Mechanical,Yes,No,84,87,88,84,65,2.5253609577640943,4.060707529147308,19.535427639550512,81.6,A
EEE,No,Yes,81,80,80,87,93,2.4418602511387317,4.003773661070524,5.9816262912165055,84.2,A
Mechanical,No,Yes,72,76,75,71,70,1.1257050462510567,4.29804184727456,17.759818033717664,72.8,B
EEE,Yes,No,72,76,71,72,71,6.324629394165245,5.922893825875892,28.28912450019796,72.4,B
Mechanical,No,No,83,81,83,80,93,2.5272203071529127,7.741512645228469,16.652907316462226,84.0,A
IT,Yes,No,81,88,81,86,71,6.088138342978401,7.496054685234863,10.517814648610468,81.4,A
EEE,No,No,47,51,33,50,48,4.39761026618436,4.804333953624184,8.110584422680333,45.8,F
Mechanical,No,Yes,76,75,74,73,92,5.75261796996469,6.900384075590603,29.12579057274797,78.0,B
EEE,No,Yes,37,52,41,52,42,3.5633778155534404,6.443894587183525,27.748242474430405,44.8,F
IT,No,No,70,76,74,72,76,5.827469637612342,5.205567183065437,20.64959784794884,73.6,B
Mechanical,Yes,Yes,92,96,93,98,62,2.193668865811041,4.260206371941118,28.72213843133333,88.2,A+
Civil,Yes,Yes,61,60,61,64,93,2.0384350404328075,7.064487005380521,6.708690454742278,67.8,C
EEE,Yes,Yes,68,68,62,67,70,2.3662223052800435,4.6616036180054365,24.429029905139874,67.0,C
Mechanical,No,Yes,88,83,88,83,77,6.165656631783145,5.4418980205662155,21.781770630728314,83.8,A
Civil,No,Yes,91,91,96,99,63,2.6741114444757015,6.122949421147343,21.273933377951817,88.0,A+
EEE,No,No,92,90,93,91,99,4.640476148244676,6.186841117373119,9.621361388138176,93.0,A+
IT,No,No,94,92,90,93,99,6.600496780894116,4.816142538515596,18.877123732557155,93.6,A+
Civil,Yes,No,62,64,68,60,95,3.8480487527750986,5.04790225711407,29.486269077820594,69.8,C
Civil,No,No,80,88,86,83,65,1.3768136743592136,4.75950131638368,5.973946158711605,80.4,A
Mechanical,No,No,92,90,92,95,83,7.873784333123017,4.839367979425638,25.62826669165288,90.4,A+
IT,No,Yes,93,94,99,99,80,4.25271669057728,6.5990947305710534,6.201473104925843,93.0,A+
Civil,Yes,No,87,85,81,80,96,4.710437185362127,5.871921849912173,15.267731134791655,85.8,A
Civil,No,No,94,94,91,95,61,3.8823587910915593,6.603893868603817,18.635796735172637,87.0,A+
EEE,No,Yes,71,76,77,78,90,5.023873265019124,5.609099069725734,14.366230475370719,78.4,B
Mechanical,No,Yes,73,77,73,76,96,5.116603720982884,6.282758646307392,17.106654952743135,79.0,B
EEE,Yes,No,67,64,62,64,86,4.9434455366107475,7.051333701210137,14.176873768625866,68.6,C
EEE,No,Yes,40,50,39,33,38,2.7041194382012135,7.96290022099042,23.919495174463435,40.0,F
Civil,Yes,No,78,73,72,70,85,2.6393934185166312,5.078537596876817,21.369267840052206,75.6,B
Mechanical,Yes,Yes,61,68,62,65,63,3.620353075877177,5.088336630311911,7.207818030464445,63.8,C
IT,No,No,50,34,52,58,66,6.367067040679407,6.682840913336302,6.2396242631000565,52.0,F
Civil,No,Yes,45,34,39,57,44,6.382774901723616,4.565259893611027,27.11892275656144,43.8,F
EEE,No,No,82,88,80,84,61,4.269125065652192,6.742606997060797,10.656933353595175,79.0,A
Civil,No,No,66,60,65,65,71,5.321037532368324,5.620630688067763,12.609194585738773,65.4,C
Mechanical,No,Yes,97,95,95,90,95,3.5745019142930703,4.232367808321399,7.78780530803191,94.4,A+
Mechanical,Yes,No,84,81,85,86,72,6.724754514963334,7.915789423418648,17.546738275612594,81.6,A
Civil,Yes,No,67,62,61,66,79,2.0197776913055785,6.905886173983326,10.18648003699696,67.0,C
Mechanical,No,No,81,80,83,83,72,4.208265162113028,5.404877549395124,7.3444131564254125,79.8,A
Mechanical,No,Yes,80,83,84,86,88,2.035708338765841,7.938617910363359,10.227434114740356,84.2,A
IT,Yes,Yes,52,57,47,38,46,5.5602143000124915,5.955503043013978,18.422700197855868,48.0,F
Civil,No,No,87,82,82,81,64,7.268890186117195,7.86648888358443,16.0859775709011,79.2,A
EEE,Yes,Yes,70,75,76,70,85,7.940021840906616,6.85287602030842,9.100768286484735,75.2,B
Mechanical,No,Yes,73,70,73,74,84,4.898475716731445,4.432906587062194,28.332759508708467,74.8,B
EEE,No,No,92,97,94,99,63,5.735275560584536,7.219955998723079,11.745518003205358,89.0,A+
Civil,No,No,73,71,78,73,73,6.441115037007428,7.828428384000206,22.41988784910853,73.6,B
Civil,No,Yes,61,67,66,60,93,1.822234509574688,6.75825764420786,15.221091543126706,69.4,C
Civil,Yes,No,60,67,62,66,62,5.5301169278887015,7.669703411218005,21.995918993943008,63.4,C
Civil,No,Yes,98,90,96,94,80,2.4907491305623752,4.545485902347079,5.363616641697048,91.6,A+
Civil,No,No,92,98,92,98,88,4.841136525566103,6.767580790770773,21.299031487565014,93.6,A+
Mechanical,Yes,No,92,98,96,96,88,6.879630152707303,7.091291120067218,10.751342075785848,94.0,A+
IT,Yes,Yes,86,88,80,87,63,2.182009243592765,4.214539166083323,22.936624765297804,80.8,A
EEE,Yes,No,76,73,74,70,63,7.1209190256667485,6.284372649738058,5.224966432081394,71.2,B
IT,No,No,61,63,61,60,62,3.3697455391591054,4.786403187259561,26.517221264349736,61.4,C
Mechanical,No,No,90,94,91,94,70,3.654600094746603,7.705797694358845,23.03991376878193,87.8,A+
EEE,Yes,No,49,50,51,51,66,2.4606733715811426,5.984119577014177,13.693494557398143,53.4,F
Mechanical,Yes,No,46,31,35,41,40,1.854304934208689,4.314933473053927,22.001534893698903,38.6,F
Mechanical,No,No,31,48,45,40,54,5.596993576069839,5.849343518653788,25.098977902273646,43.6,F
Civil,Yes,No,40,45,56,45,53,5.353182130184531,5.984131559765659,12.467099595353357,47.8,F
Mechanical,Yes,No,67,67,66,67,72,2.799802641029015,6.472171248327022,16.501655973948772,67.8,C
EEE,No,No,74,76,74,73,83,4.133367108658675,7.100763077175623,18.1692226817373,76.0,B
Mechanical,Yes,No,97,95,93,91,89,5.392406002489955,5.542454051462592,28.406678485330477,93.0,A+
Civil,Yes,Yes,38,53,48,54,53,6.296217488056982,7.329957897677794,27.014561078024165,49.2,F
Civil,No,No,58,57,54,56,39,3.5383186610982342,4.5111318182953735,8.036065393209375,52.8,F
Mechanical,Yes,Yes,78,71,75,70,79,5.056754584049868,5.1466423251480915,14.173945795424881,74.6,B
Civil,No,Yes,75,70,75,70,91,7.832494102223331,5.0273262982682345,16.40318022366583,76.2,B
EEE,Yes,Yes,66,66,65,63,62,4.031532718107549,6.811862654178574,9.566576221425342,64.4,C
Civil,Yes,Yes,63,60,67,67,83,4.9589502789756805,4.309943189801966,9.065707407892926,68.0,C
IT,Yes,Yes,46,39,58,32,51,2.003170253929275,5.781621714311339,13.877369159079745,45.2,F
EEE,Yes,No,83,81,81,88,98,7.858624747666567,7.474211323143351,9.349022192405638,86.2,A
Civil,No,Yes,95,90,99,91,86,7.230399178256768,4.337205258445401,25.1797329697797,92.2,A+
Civil,Yes,No,92,98,91,93,81,5.105748042625313,6.257834170090565,14.469315648782233,91.0,A+
EEE,Yes,No,91,94,90,90,64,2.9654065370859906,4.097263865725815,21.136807397679195,85.8,A+
EEE,Yes,Yes,63,63,64,68,88,6.224934629908734,5.61611980131384,21.9587657363755,69.2,C
EEE,Yes,Yes,86,88,83,81,83,5.233876005538068,5.549805183690155,26.586997372820328,84.2,A
Mechanical,No,Yes,31,53,35,57,52,6.689763762682966,6.347677426360344,24.01619848945064,45.6,F
Mechanical,Yes,Yes,95,94,95,99,91,7.238001795886498,6.1108044363452,29.82411990298251,94.8,A+
EEE,Yes,Yes,84,86,84,86,79,3.2102038173882597,6.486074896136194,10.496548909224423,83.8,A
Mechanical,No,Yes,96,94,96,90,76,1.235684247497109,4.858512293035211,15.403035701777307,90.4,A+
EEE,No,No,88,82,81,88,84,4.897870862831687,7.567492520033639,12.179119128263936,84.6,A
Civil,No,Yes,84,81,85,86,77,5.03581492965798,7.933363073656906,11.040031910894076,82.6,A
Civil,Yes,No,97,94,91,94,83,5.249239733806792,5.1039967280901735,12.40683764260206,91.8,A+
IT,No,No,72,78,77,72,96,2.457622660257501,5.001931786999053,25.147646063336033,79.0,B
Civil,Yes,Yes,75,72,72,75,64,1.4502345623550847,5.6094821581654974,5.586475543028861,71.6,B
Civil,Yes,Yes,97,92,94,92,71,2.006700452203696,5.7204115061192,27.593939294378554,89.2,A+
Mechanical,Yes,Yes,95,92,90,93,71,1.639006737502935,5.2772545503616595,28.751549176270125,88.2,A+
IT,Yes,No,51,51,33,30,39,5.8422199882763035,4.260687983588828,29.07963473824725,40.8,F
Civil,Yes,No,97,97,93,93,96,3.052034111827093,7.5853432740844795,5.325048087768401,95.2,A+
Civil,No,Yes,93,92,97,99,92,1.6826002794862822,6.235922536399096,17.52719700655493,94.6,A+
Civil,Yes,No,74,76,72,70,68,1.7856875039411202,5.164893274313105,20.35459309961348,72.0,B
Civil,No,No,97,93,97,96,80,6.51399110869396,6.497701785886912,17.362028282377324,92.6,A+
IT,Yes,No,93,93,92,96,87,1.6887695479937812,6.641210878805353,24.109316555543398,92.2,A+
IT,No,Yes,30,57,54,45,38,6.8039242075387865,6.867105819336905,5.814459559804362,44.8,F
EEE,No,Yes,74,77,76,76,91,7.401112774393459,7.004588975805763,28.334387478549218,78.8,B
IT,No,No,83,87,83,87,97,7.062162334764373,4.688674754210597,26.262791299426667,87.4,A
IT,Yes,Yes,66,67,61,66,75,1.607202908363468,4.468178325507078,22.879796766341226,67.0,C
Mechanical,Yes,No,65,66,63,60,94,6.632701324988909,6.945976834867117,28.133243421864957,69.6,C
IT,Yes,Yes,30,49,54,45,38,3.968365296501446,6.042278998461146,9.539437709574731,43.2,F
EEE,No,Yes,81,82,86,82,84,2.790205910838103,5.309683834933792,9.115512830912621,83.0,A
Civil,Yes,No,95,90,92,94,78,2.578789309480128,5.507656658945487,16.543320340309556,89.8,A+
Mechanical,Yes,Yes,85,80,82,84,85,5.896739803308667,5.227724291924931,6.427358447698593,83.2,A
Civil,Yes,No,63,68,67,62,67,5.068297399124795,7.834790965461593,5.535996665577832,65.4,C
Civil,No,No,83,82,80,86,86,2.0268657981062708,6.761291387602916,28.62560161451422,83.4,A
Mechanical,No,Yes,35,33,33,48,31,1.1537939956175518,7.815077584851308,15.397255330304878,36.0,F
IT,Yes,Yes,80,87,87,86,90,7.853222885541672,5.682946250274467,17.54863512829604,86.0,A
EEE,Yes,Yes,68,64,64,67,85,3.343998656992868,5.857065681143759,28.17937094339972,69.6,C
Mechanical,No,No,78,78,75,70,81,2.1523907259579063,4.594690254784728,16.407697791454332,76.4,B
EEE,No,Yes,60,66,65,60,74,4.90349675340211,6.307043389743697,9.13838231734665,65.0,C
IT,Yes,No,92,95,91,92,64,1.579238940247143,7.506645943703171,18.78969681360175,86.8,A+
Mechanical,No,Yes,61,60,60,63,62,2.207087555052615,7.262837080008292,15.081510530562179,61.2,C
IT,Yes,Yes,97,94,93,91,86,4.958558431260817,6.864716298931809,19.975734119433163,92.2,A+
Mechanical,No,Yes,85,81,83,88,97,5.6400185134426595,7.861794538402485,27.895358704768597,86.8,A
EEE,Yes,No,91,92,92,98,82,1.086167921112529,5.480209338697021,5.685507749316441,91.0,A+
Civil,Yes,No,77,72,76,71,99,3.793765096901982,6.461603018836959,14.131105040384297,79.0,B
EEE,Yes,No,95,93,98,95,79,1.6446667726303166,6.2135160645068295,21.040797720683862,92.0,A+
EEE,Yes,Yes,78,75,73,73,91,1.8933623036642728,7.016925293398195,16.78850316470413,78.0,B
Mechanical,Yes,No,74,78,72,74,64,4.361656994297187,6.494968981998165,25.754574165442346,72.4,B
IT,No,Yes,76,75,75,74,95,7.794676194557094,4.702860983347303,19.927915500387584,79.0,B
Civil,Yes,No,64,60,61,61,69,3.524094836117727,7.489822525005232,26.916987967708152,63.0,C
Mechanical,No,No,90,91,92,90,73,5.434347538783031,5.03155074173281,8.483901851820603,87.2,A+
IT,Yes,Yes,90,90,92,94,71,5.5603934030045155,4.8267374395069815,11.849028183028345,87.4,A+
IT,Yes,Yes,96,92,99,91,89,4.702559938190484,7.756270794051584,24.969580894341636,93.4,A+
Mechanical,Yes,Yes,90,93,93,96,99,2.545618408499474,4.695010382649178,21.39309181404141,94.2,A+
EEE,Yes,Yes,96,98,93,93,65,6.440028411492057,6.23361699894322,15.605550231174407,89.0,A+
Civil,No,No,84,88,81,88,95,6.19604562040863,4.6712583825841145,8.009089405249652,87.2,A
Mechanical,Yes,No,97,96,99,92,76,4.215427655623207,7.368365660074838,24.222943532884937,92.0,A+
Civil,Yes,Yes,34,39,39,50,38,3.8588755149373477,4.446546748683515,16.025870146140512,40.0,F
Mechanical,Yes,Yes,60,67,67,68,97,6.204564065006995,7.540303450171793,19.486874767342712,71.8,C
Civil,No,Yes,99,96,95,95,80,6.556206952663614,6.5864236536914404,9.36933607068443,93.0,A+
IT,Yes,No,97,90,98,98,95,2.324550778495041,7.526548531081401,29.032882204622684,95.6,A+
Civil,No,No,71,71,73,78,66,1.223961221010273,7.7607193389169655,27.301858777340517,71.8,B
EEE,No,No,88,80,83,80,76,2.6006952596922233,7.529980420272546,5.503043046326851,81.4,A
IT,No,Yes,92,91,91,90,83,2.5710840028566246,4.895270459290492,18.42436057233534,89.4,A+
EEE,No,Yes,96,92,92,97,96,7.276271840818145,6.30399367122264,27.93489032713829,94.6,A+
IT,No,No,57,51,41,48,50,5.876995202471198,7.7493582524988,9.136041000471943,49.4,F
Mechanical,No,No,65,61,61,62,60,5.749774709500631,6.330206785538401,18.823518704731303,61.8,C
Civil,Yes,Yes,80,81,88,81,77,1.232875798185509,4.487552330129082,15.396533485198688,81.4,A
IT,Yes,No,47,47,42,51,43,7.9328107420753975,7.516746978609024,6.140068095652156,46.0,F
EEE,Yes,No,72,77,75,74,60,4.517833247054162,7.393670905722044,5.5100402672051585,71.6,B
Civil,Yes,Yes,92,95,99,99,71,4.146036846496164,6.351537484441548,28.714583871285843,91.2,A+
EEE,No,Yes,97,91,99,93,65,5.294311970474234,5.452402946536042,27.429658524115474,89.0,A+
Mechanical,No,No,80,80,85,80,97,7.390247113156027,6.262752688564023,9.566809605991704,84.4,A
IT,Yes,Yes,68,68,63,62,97,5.561052495861764,7.329047082689923,16.482962627465803,71.6,C
Civil,No,No,71,74,70,78,64,7.624650573508596,5.659991033483017,13.173552506367374,71.4,B
IT,Yes,No,61,63,68,68,86,2.8588092936226897,6.287478757486928,27.357572332966203,69.2,C
Mechanical,Yes,No,96,92,97,94,68,6.6199741401860805,4.018528092018411,13.337479292278605,89.4,A+
IT,No,No,44,44,40,31,64,1.6396000839299034,5.730459731488183,10.682560180963094,44.6,F
Civil,No,No,81,85,83,82,93,1.7203356183940044,6.9205207511057,14.681151205086874,84.8,A
IT,Yes,Yes,65,65,63,65,93,1.281947139147715,5.5456622473223245,15.158075796139482,70.2,C
Civil,Yes,Yes,90,97,92,91,60,4.6935341110135,6.137823565028988,17.02719870968965,86.0,A+
Mechanical,No,No,82,82,87,87,87,7.941872513607162,6.16401159571065,29.62114359917735,85.0,A
Mechanical,No,No,95,99,96,97,61,2.034173643343587,4.532467714349913,22.17913763508328,89.6,A+
Civil,Yes,Yes,54,51,48,32,59,5.533979344077156,4.925650488708595,18.961798041817207,48.8,F
Civil,No,No,64,65,63,66,66,7.853723759765913,6.847811952262202,17.33108739833618,64.8,C
Civil,Yes,No,71,72,78,78,80,2.8833656011951407,7.247558574273267,18.336961897657318,75.8,B
Civil,No,Yes,58,53,35,41,58,2.4356562760652696,6.8619367190975575,25.223182680444786,49.0,F
Civil,Yes,Yes,40,32,44,37,49,3.9077540097815886,4.746320157972499,7.560417941943974,40.4,F
Mechanical,No,Yes,48,49,54,40,46,4.090547203024197,6.07273976937244,18.04539253458139,47.4,F
IT,Yes,No,85,82,85,82,70,6.070704491986312,4.758222034147762,27.30594788845266,80.8,A
Mechanical,No,Yes,72,76,76,72,87,2.0068412969321763,4.0369663536220575,25.20392622560532,76.6,B
EEE,No,Yes,92,92,92,95,73,5.946439844273175,5.497921599872068,14.237048350784507,88.8,A+
EEE,No,No,97,98,93,94,89,2.975309522852401,5.046822734943624,11.174469976799996,94.2,A+
Civil,No,Yes,67,67,66,61,97,1.6638130719087094,5.387428043715558,5.914245309073955,71.6,C
EEE,Yes,Yes,93,96,96,93,81,5.565569816818307,7.8021242103448145,20.016276663708897,91.8,A+
EEE,Yes,Yes,76,71,73,74,63,7.995554525348751,6.681414558647196,29.74951537472952,71.4,B
Mechanical,Yes,Yes,98,98,97,90,60,5.188002407877082,5.8387260510445245,6.898335259240552,88.6,A+
IT,Yes,No,53,51,35,46,51,1.4999593976381023,5.869183212100317,9.385282291385277,47.2,F
IT,Yes,Yes,88,82,83,87,84,6.336528495950209,4.575504621559121,5.215475064794507,84.8,A
Mechanical,No,No,97,95,90,90,67,6.742642552142813,5.252647979269129,24.964831809568782,87.8,A+
Civil,Yes,Yes,66,60,62,65,97,3.9357288657787253,4.713099233288164,28.110752294606556,70.0,C
EEE,No,Yes,44,39,37,55,36,6.8285605157684826,7.138493135079952,5.543520195916872,42.2,F
EEE,Yes,No,97,91,98,90,99,1.7154886495763972,7.6750020890429855,24.752115928102167,95.0,A+
Civil,No,No,96,95,92,98,81,2.7517595236110486,4.155338937717692,12.58163786683057,92.4,A+
Mechanical,No,No,64,62,66,68,92,7.708440085416596,5.7400477097499,20.58143774182828,70.4,C
EEE,No,Yes,45,33,58,35,57,7.898783364718273,6.0873321939794,8.517385596518658,45.6,F
EEE,Yes,Yes,84,83,85,85,77,6.003272935107621,4.273801810264067,15.441674895424867,82.8,A
EEE,No,Yes,84,81,85,83,77,5.049947525955481,7.6453672648656354,18.852482009895652,82.0,A
EEE,No,No,48,34,50,43,60,5.434012380782751,4.662254060341416,15.122841736770916,47.0,F
Civil,No,No,62,61,60,63,77,2.8258461396278345,7.47131400865973,21.106035020649546,64.6,C
Civil,Yes,Yes,96,93,97,94,98,1.4065852851773961,7.46470458309974,20.02787529358022,95.6,A+
Civil,Yes,Yes,67,61,62,61,95,3.985869979691478,4.743813781564107,7.776311109452734,69.2,C
IT,Yes,No,74,73,77,71,89,3.3024384474750708,6.033246777106778,5.599386184413292,76.8,B
IT,Yes,Yes,74,75,72,71,75,5.353738368916836,5.581426043445532,24.20516919518727,73.4,B
EEE,No,Yes,65,64,64,62,89,3.1067040089107074,6.995670561914078,24.85406772094024,68.8,C
IT,No,Yes,94,95,99,95,63,6.153730285889417,6.119360092724467,22.680752391111113,89.2,A+
IT,Yes,No,67,65,63,62,60,2.014290615151422,4.7092450140905795,26.56685175829723,63.4,C
Civil,No,Yes,81,81,84,86,92,1.9147084128928367,5.163997558258652,26.723977625522405,84.8,A
IT,Yes,Yes,47,53,35,55,33,3.2985044959311347,5.697507068055513,18.56648205341419,44.6,F
Mechanical,No,No,78,78,75,70,93,6.099296618910144,4.000211307729187,28.848020096168053,78.8,B
EEE,No,Yes,81,86,88,85,78,2.6151421314493764,5.164785819986497,24.306688920937646,83.6,A
Civil,No,No,31,31,39,52,44,5.3500056503365325,6.809258073542999,24.630396878130583,39.4,F
IT,Yes,Yes,63,66,64,65,89,1.6297709520267263,6.253534962664663,7.844061562016295,69.4,C
EEE,No,No,61,60,62,66,70,3.7029271487901285,4.640302635874806,7.442602592264836,63.8,C
Mechanical,Yes,Yes,67,61,68,67,83,2.4337487295309814,5.205699647194233,10.021768392291442,69.2,C
Civil,Yes,No,82,84,81,83,79,1.3734359789222839,5.819057370210644,21.869657554185263,81.8,A
IT,Yes,No,30,38,43,44,58,6.411970710196942,4.399747626274478,27.029730922357725,42.6,F
Mechanical,Yes,No,66,67,60,63,63,2.349613318665215,6.509502017741449,29.485496828446305,63.8,C
EEE,Yes,Yes,64,67,60,63,89,6.923935182687377,6.680806517362505,23.31922087499756,68.6,C
EEE,No,Yes,91,90,96,96,87,5.6124675933710595,4.108383970013934,10.549304048323737,92.0,A+
EEE,Yes,Yes,84,82,86,88,61,7.525868187446806,6.6637886643218565,25.566436712010685,80.2,A
Civil,Yes,Yes,62,61,63,63,88,3.0557348935090536,5.662814313139716,24.673920261976036,67.4,C
EEE,Yes,No,76,77,71,78,82,6.979806430877576,7.126541781772842,7.587823675153276,76.8,B
IT,Yes,Yes,95,90,90,91,94,1.3946284765564898,7.458889505020213,25.32252522825194,92.0,A+
Mechanical,No,Yes,76,73,74,74,90,4.210549286567531,6.7079070092441135,17.431021197016086,77.4,B
IT,Yes,No,66,67,64,66,78,6.113487022706428,4.9100598522985806,7.547266150084898,68.2,C
Civil,No,No,96,91,98,98,95,6.879747861975278,7.330721877388173,5.275790356561645,95.6,A+
Mechanical,Yes,No,92,90,97,94,75,3.78316078573956,5.096860809394681,29.599441198995706,89.6,A+
Civil,Yes,No,73,77,70,74,89,1.07484393079451,5.756842043727499,26.08155107054411,76.6,B
IT,Yes,No,94,91,96,92,79,3.024312124071649,5.239227501289876,11.24892365994053,90.4,A+
Civil,No,No,62,68,64,61,79,1.939668933656205,4.2966905211396895,29.804292861210236,66.8,C
Mechanical,No,No,70,71,70,72,64,7.067348016039407,6.076906976758111,29.83065168201373,69.4,B
Civil,No,Yes,46,39,53,46,49,4.138913455783387,6.627616423839026,23.61722554094451,46.6,F
IT,No,No,68,66,60,67,74,1.01310920743418,5.402597131816075,11.036605704980403,67.0,C
Civil,No,Yes,32,49,48,47,49,6.604365594889708,7.888626038139,10.368984999061801,45.0,F
IT,Yes,Yes,66,63,65,68,73,5.4367078436096135,6.276267992968359,14.564720591773002,67.0,C
Civil,Yes,No,92,92,90,94,98,7.041723981129155,6.493192507310232,13.27245062131623,93.2,A+
IT,No,No,86,82,82,80,94,5.769471092689441,7.76073276500833,6.169646124294212,84.8,A
Civil,Yes,Yes,82,85,84,83,91,7.221225617696691,4.246698334483829,16.251604260393954,85.0,A
EEE,Yes,No,95,90,94,92,92,1.7444060837904223,5.259678354451871,5.095428353108678,92.6,A+
Civil,No,No,76,75,74,76,86,3.9812520852567728,7.942096533020872,18.85145958650527,77.4,B
IT,No,No,99,91,90,98,87,6.409667013032362,6.1936766519742505,6.661583144406803,93.0,A+
Mechanical,No,No,75,78,78,70,76,7.781715090383637,7.967571429278568,24.744044343365864,75.4,B
Mechanical,No,No,76,70,78,71,95,5.62509175176406,7.802425486319491,23.24196034118103,78.0,B
EEE,Yes,No,40,55,32,56,31,5.658894721521211,6.589281893681729,11.159283328690682,42.8,F
Civil,Yes,Yes,63,68,68,65,78,1.4191223870496996,7.846667088729985,18.723793533945678,68.4,C
Civil,Yes,Yes,86,80,81,88,77,3.9400285185698345,4.038747530963871,26.44887727287643,82.4,A
IT,No,Yes,67,65,65,60,80,1.6018161469544812,7.3733294195677495,22.950155252691196,67.4,C
Civil,No,Yes,44,34,49,49,34,3.2219129360146965,4.622049456316147,6.84571605484706,42.0,F
Mechanical,Yes,Yes,76,70,73,76,75,7.483457220804786,4.353750349342009,28.859234055705898,74.0,B
IT,Yes,No,78,72,76,75,83,2.229200977959622,4.258143535378705,19.44153591799159,76.8,B
Civil,Yes,No,80,84,85,86,68,6.7007074548813295,5.12133901020565,8.304491443846793,80.6,A
IT,Yes,No,85,85,87,83,73,7.996275259418061,6.489503725892696,15.774696816429763,82.6,A
Mechanical,Yes,No,38,58,30,47,49,7.143188612129933,5.744196882487564,11.844949785047804,44.4,F
IT,No,No,71,70,70,75,64,7.9830781506218065,7.547768443531469,25.26091464039063,70.0,B
IT,Yes,No,88,87,80,81,72,5.075013619703194,5.427081961397005,9.106761236398201,81.6,A
Civil,Yes,Yes,87,83,86,81,73,7.7299163374943465,6.716650273278251,20.784399441084418,82.0,A
Civil,Yes,Yes,60,62,64,66,68,3.6738842878321236,6.1743758738606775,16.69963415259855,64.0,C
Mechanical,No,Yes,80,86,87,81,68,6.082429282437321,7.6710906099777585,27.70868025607524,80.4,A
IT,Yes,Yes,68,63,67,65,60,1.0637696071754115,7.104088713760978,21.264624666153086,64.6,C
EEE,No,Yes,63,66,66,65,69,3.9719286674458996,7.349309735298071,26.940971789694377,65.8,C
IT,Yes,Yes,70,74,78,71,67,5.576809746793744,6.724837031286196,23.803872306441647,72.0,B
Civil,No,No,72,75,74,73,85,3.154069325550597,4.446375699066669,25.99411810096507,75.8,B
Civil,No,Yes,90,96,92,95,60,2.123238299898585,4.281967782572579,9.641167622531075,86.6,A+
Mechanical,Yes,No,81,84,85,84,90,2.1461027051541968,5.197692499212426,7.503874937669173,84.8,A
Civil,Yes,Yes,60,60,64,65,96,4.5773686745620354,6.808853473633299,16.921070097886492,69.0,C
Mechanical,Yes,Yes,98,94,91,99,79,4.637929840261389,4.296168871649392,20.137066730360118,92.2,A+
Civil,Yes,Yes,75,70,74,76,88,1.7728664837370838,5.678054837350068,12.912544481565508,76.6,B
IT,Yes,No,80,84,87,81,72,7.429650713101848,7.61645464191802,8.91323033539353,80.8,A
EEE,Yes,No,87,86,80,81,79,7.220194963060067,5.316295117842912,12.864690835351663,82.6,A
IT,No,Yes,76,75,71,72,60,1.9676246074973602,5.596161808193216,29.49786081955951,70.8,B
EEE,Yes,Yes,75,75,75,70,81,2.2986818268040343,6.606719179513708,22.81503518245983,75.2,B
EEE,Yes,Yes,68,61,60,66,97,7.660340769968155,6.549119240492351,24.692547067473694,70.4,C
Civil,Yes,No,62,67,63,66,71,4.387935252327779,6.807449707296863,10.679781329555404,65.8,C
EEE,Yes,Yes,60,61,67,66,69,5.611842902511867,5.461624523606227,16.760806191581032,64.6,C
EEE,No,No,67,60,63,68,73,5.793981354252411,7.729783822740059,8.669922434426226,66.2,C
Mechanical,Yes,No,46,48,52,37,36,6.806662158505283,7.346080777790315,25.362699203263286,43.8,F
IT,No,No,66,62,62,61,84,5.730227322430239,7.84100930080575,11.341736478042412,67.0,C
IT,Yes,Yes,56,49,51,34,48,4.865874267151875,6.849450653771276,17.113462028141168,47.6,F
IT,Yes,Yes,55,38,46,31,45,6.382074337443811,6.875116722338862,6.14584210871779,43.0,F
IT,No,Yes,68,67,60,68,77,5.520317000714814,7.384013693589587,16.804945965454383,68.0,C
IT,No,Yes,72,77,77,74,85,4.243737061632523,6.397722168110487,9.281835266655989,77.0,B
Civil,Yes,No,95,94,95,95,63,2.99566618085693,4.693494381179019,27.41913561566063,88.4,A+
EEE,Yes,No,70,75,75,76,74,2.9548569462869283,5.471940308747147,6.940797131244878,74.0,B
Civil,No,Yes,76,75,73,76,69,3.9113955800825666,6.881333476663972,27.957125884498943,73.8,B
IT,Yes,No,67,64,67,67,77,4.184722221751077,5.424714137313684,28.677188674388887,68.4,C
Mechanical,No,No,88,87,84,85,71,2.7415794462720355,7.6408666198665784,8.860393938480325,83.0,A
Civil,No,No,62,64,67,60,77,1.363954019879102,5.201452894284454,18.178098044442436,66.0,C
IT,Yes,Yes,94,95,95,92,75,2.9667423271456124,7.801645936306235,27.25659459727291,90.2,A+
Mechanical,No,Yes,98,93,94,91,70,2.9107156239942045,5.906707313321474,6.1094165883309195,89.2,A+
Mechanical,Yes,No,71,77,75,77,97,2.821479575550275,4.70817317811359,5.713000620966206,79.4,B
IT,No,Yes,71,78,70,78,76,1.1365185332736416,7.222819169924814,7.704234688768983,74.6,B
IT,Yes,No,44,34,37,43,65,7.452975716501368,4.691726058557782,19.32216502949766,44.6,F
Mechanical,No,No,73,78,72,71,84,7.401683076614392,4.45221187133804,23.93562758433312,75.6,B
EEE,No,No,60,64,61,68,66,1.488299086184071,5.653893056487874,16.54445389451225,63.8,C
IT,No,Yes,86,88,84,86,75,5.235626629783769,4.881950557658997,20.64126973568191,83.8,A
Civil,Yes,Yes,44,50,44,45,62,7.481940737438987,4.871164000049517,22.334065379367754,49.0,F
EEE,No,Yes,91,98,98,95,65,6.995760566235488,6.804679446361039,23.176419040384754,89.4,A+
EEE,No,No,97,91,92,91,91,3.725834572852127,6.167043857070253,29.20164530126897,92.4,A+
Mechanical,Yes,No,71,74,70,72,60,3.382693863742844,5.906271774320074,12.401637750973677,69.4,B
IT,No,No,76,71,70,71,98,4.161472968631865,7.426919786023589,28.602369648259113,77.2,B
IT,No,Yes,75,77,78,73,77,4.096756185237355,4.18427667870187,18.59694802902794,76.0,B
EEE,No,Yes,48,48,38,52,60,5.195102723114608,4.748433691669012,24.554850901161313,49.2,F
EEE,No,Yes,83,86,81,80,95,5.43388218169489,7.222103654304227,14.947104388925576,85.0,A
Civil,No,No,66,61,65,67,64,4.711354881503313,7.605858304578829,22.635817392435072,64.6,C
IT,No,Yes,67,67,62,66,91,2.8104816564612514,5.872243451181857,10.826252463115388,70.6,C
Civil,Yes,No,61,64,67,67,62,5.840992644376393,4.191700703824097,22.7474027217806,64.2,C
IT,No,No,86,81,85,84,79,3.0995694285864452,4.076671550099912,15.799734286586022,83.0,A
Mechanical,Yes,Yes,97,90,97,98,63,7.586127494366454,7.30735553484751,21.67428792477268,89.0,A+
Mechanical,No,No,78,73,70,70,95,5.2480186546065,5.955117552918664,15.199859056203808,77.2,B
Mechanical,Yes,No,92,99,92,94,81,1.6425934606940933,4.376627953074241,12.785332734782354,91.6,A+
EEE,Yes,No,86,84,81,85,94,2.8099008454817214,5.3488499616251435,15.05651034208855,86.0,A
IT,Yes,No,95,98,90,94,86,2.431812152186243,6.856256328894457,17.349537178271568,92.6,A+
IT,No,No,50,56,38,57,45,2.2619007521286325,6.5077914209670205,21.034170480632557,49.2,F
Mechanical,No,Yes,65,63,60,66,67,5.745080312404218,5.908640185646326,9.026155374017002,64.2,C
EEE,Yes,Yes,77,71,74,75,72,6.273190523154799,6.865301373904112,21.73463559174673,73.8,B
Mechanical,Yes,No,63,63,66,68,82,3.0851343206595536,6.241519440547073,14.948931932394231,68.4,C
Civil,Yes,Yes,33,55,57,34,39,3.119415146496847,4.801441216013801,18.564255085201694,43.6,F
Civil,No,Yes,71,73,72,73,98,4.27280694785636,5.616880175572865,16.237069052526998,77.4,B
Mechanical,No,Yes,71,77,78,73,63,2.681590164768817,5.120865627962284,6.328015604975027,72.4,B
EEE,No,No,31,56,41,41,53,2.9981345103990584,6.4602046621142595,29.477804243620056,44.4,F
Civil,No,No,42,48,38,44,61,2.239815980748611,6.113378773746216,25.089190035007753,46.6,F
Mechanical,Yes,Yes,85,81,83,81,85,5.749438180554069,5.292398806665349,29.693738477479712,83.0,A
Civil,Yes,Yes,97,98,92,96,87,1.4830531482897142,7.763138082012432,17.673010949045867,94.0,A+
IT,No,Yes,75,77,77,76,85,6.759250103355862,7.724236123548801,20.585953342352802,78.0,B
EEE,Yes,Yes,90,94,95,92,96,4.86935476784843,6.289169876683353,29.508289592901143,93.4,A+
Civil,Yes,No,67,60,61,67,61,6.677742281401116,7.5140688362560635,6.786284515235559,63.2,C
EEE,Yes,Yes,65,61,63,68,91,1.1200617648762987,7.280614634742591,26.994951432797986,69.6,C
IT,No,No,31,49,45,39,63,1.4963554563228922,7.070026781581456,6.781317133034124,45.4,F
Mechanical,Yes,Yes,78,73,72,77,90,1.1851283181836723,5.342228806786629,29.400503938112355,78.0,B
IT,No,Yes,91,98,91,98,98,4.652110326453492,5.370613952483661,18.30612472065748,95.2,A+
Mechanical,Yes,No,64,68,68,61,70,4.829428503590384,7.820113049063705,17.417653242419064,66.2,C
IT,Yes,Yes,77,76,78,70,68,4.458880187988894,6.4811152684033715,18.605000052840694,73.8,B
IT,No,No,64,66,63,66,82,1.5017556577273425,6.824851943860262,5.849283033323772,68.2,C
EEE,Yes,No,54,39,34,45,34,1.2129562007529897,6.691801600985475,25.409943159039265,41.2,F
IT,Yes,Yes,74,78,75,74,88,2.538059250772778,5.754686787212195,24.550045639848534,77.8,B
Mechanical,Yes,No,84,84,87,88,72,3.12112254887421,7.866190066208329,20.702988281089297,83.0,A
IT,No,No,76,74,70,75,67,4.054109966831123,7.849211932697107,25.85346651308963,72.4,B
Civil,No,No,72,77,77,70,99,4.554951001962369,4.64894219256231,15.408737469910792,79.0,B
EEE,No,Yes,77,76,70,74,77,2.5407688101341446,4.804691868455603,28.062472407562577,74.8,B
IT,Yes,Yes,87,80,84,81,77,1.2794577279462587,5.7963140565395035,19.44032701592834,81.8,A
Civil,Yes,Yes,85,80,88,84,87,1.6028127735446165,6.236546625851874,17.569586046167014,84.8,A
EEE,No,Yes,86,83,83,81,95,3.111108089114861,4.753210099668426,12.593376155627485,85.6,A
Mechanical,No,No,90,97,98,93,65,5.271576046343489,4.541416329110742,23.784377150726144,88.6,A+
EEE,No,No,80,83,84,88,82,5.742243479679813,6.1030813467329015,22.952543448900563,83.4,A
Civil,No,No,31,54,45,43,57,2.9691732932951975,7.559858430003636,29.178029456368687,46.0,F
IT,No,Yes,37,51,39,52,62,3.7660437594834573,6.615158603346892,15.95079457836174,48.2,F
Mechanical,Yes,Yes,77,74,75,72,76,4.874716197500283,6.464443201662885,16.858139263757273,74.8,B
EEE,Yes,Yes,61,66,63,62,83,3.274943266845119,6.259999884727662,27.03686941740679,67.0,C
Mechanical,Yes,Yes,61,66,64,66,63,1.3758803155756198,5.253622245898225,8.735797553550476,64.0,C
IT,Yes,Yes,54,57,51,42,41,5.845258134806195,6.024957066388632,18.458233231495576,49.0,F
IT,Yes,No,70,73,71,77,78,7.368087865539379,7.9295622180702665,9.95077366577734,73.8,B
EEE,No,Yes,63,63,61,68,94,1.7684806756928313,6.2921118409268875,5.594417557547155,69.8,C
Civil,No,Yes,75,72,77,76,60,6.5168325796165325,7.341944622573185,9.066305454747514,72.0,B
IT,Yes,No,94,93,99,91,62,6.814581545956749,5.380768579525102,24.345863080033507,87.8,A+
Mechanical,No,No,64,62,67,63,84,3.2130548424483,5.935613972087365,25.35137180780023,68.0,C
EEE,No,Yes,88,84,86,82,85,5.839912402592065,5.047004400537929,20.606018424937954,85.0,A
EEE,Yes,No,71,74,70,77,93,2.649508275949953,7.57809294764389,9.606626904268593,77.0,B
Mechanical,No,Yes,71,77,74,70,82,2.7727175412817555,7.822485519125424,5.715779845891321,74.8,B
IT,No,Yes,75,77,73,78,99,3.3935414550230862,7.69687373937064,5.609774827752418,80.4,B
Mechanical,Yes,No,73,71,73,77,64,6.890078319693713,6.470778344754363,21.110579240745416,71.6,B
EEE,No,No,72,70,76,73,73,7.529923549522094,4.304338907062029,17.527992520633703,72.8,B
Mechanical,Yes,No,64,67,62,68,68,4.223691317954634,5.922482934466576,19.017793478782956,65.8,C
Civil,Yes,Yes,56,39,38,42,32,1.8183219959603387,5.995949055099199,24.859159960555864,41.4,F
IT,Yes,Yes,64,63,68,68,90,1.845883159337714,4.88513626365983,13.181498629238307,70.6,C
Civil,No,No,77,75,73,77,68,7.122240561522161,6.255468127567067,17.91110854757054,74.0,B
Civil,No,Yes,52,36,53,45,69,5.740330657837498,6.7912187939776345,18.39839982822678,51.0,F
IT,No,Yes,71,70,72,74,90,7.277225849354212,4.842826660299625,10.688346923411583,75.4,B
Mechanical,No,Yes,84,86,81,85,67,5.436278610332354,4.562029212434373,16.07377526869832,80.6,A
IT,Yes,Yes,83,82,87,82,82,2.508590002834382,4.884286211255967,23.230273712521328,83.2,A
EEE,No,No,83,86,85,81,74,2.920692236418112,7.606332021148271,10.38011199332982,81.8,A
EEE,No,Yes,92,91,94,94,64,5.192849557240474,4.459731988238268,7.346432120583906,87.0,A+
IT,Yes,No,96,91,99,95,94,2.884702616645667,5.509136652418491,5.501779944443159,95.0,A+
EEE,Yes,No,48,33,45,45,45,7.315542005782619,4.199068786354302,18.102788530673877,43.2,F
IT,Yes,No,85,88,86,84,93,1.190750083655706,6.094345940885812,10.456496817343236,87.2,A
Mechanical,No,No,92,95,92,90,89,4.24180299686258,5.113830185494292,21.367726883907476,91.6,A+
EEE,No,No,98,90,90,90,94,5.109431953908056,4.673777540570878,21.06439922367974,92.4,A+
Mechanical,No,No,75,72,77,78,96,6.49153921607352,4.741415902887399,20.858233931434484,79.6,B
EEE,No,No,38,54,37,53,49,2.480435205258451,6.218767011389098,8.14596726284173,46.2,F
EEE,No,Yes,65,67,66,67,63,1.7882500432751827,7.648257811505557,9.865741180080615,65.6,C
Mechanical,No,No,64,68,60,67,76,4.006843864644729,5.9497618950391535,8.45069022344742,67.0,C
EEE,No,No,86,83,87,84,84,6.716586702411365,7.5409555148302605,7.167664189891005,84.8,A
Civil,No,Yes,94,96,97,90,60,2.0529182377246973,6.3765228614085405,14.522271415775538,87.4,A+
EEE,No,Yes,66,68,63,63,97,5.728189326162753,4.351465323727771,22.077004336853385,71.4,C
Civil,Yes,Yes,75,71,77,78,77,5.038182924838621,4.163806128597919,18.182991989996495,75.6,B
Mechanical,Yes,Yes,60,60,65,62,66,2.5610884898831463,6.102524112001479,7.281264232056133,62.6,C
IT,Yes,No,47,41,33,44,56,4.0287007374238595,7.111605977948148,18.84930136465318,44.2,F
Civil,Yes,Yes,90,96,99,94,80,3.4021714722086074,6.916693950197792,21.307291214798493,91.8,A+
EEE,Yes,Yes,94,99,94,96,68,2.2130602404959205,4.625748170684345,11.256072454114882,90.2,A+
Mechanical,Yes,No,55,55,36,57,39,6.960715637012456,6.492692972125571,13.689797055744073,48.4,F
IT,Yes,No,82,83,81,82,78,3.6798337633790466,6.522541179932322,15.753568302420657,81.2,A
Mechanical,No,Yes,51,33,47,52,55,2.2830535449159512,7.212077529197466,16.915179537187104,47.6,F
Civil,No,Yes,62,68,67,60,69,7.13919089883146,4.723892255912009,24.931475641202688,65.2,C
IT,Yes,Yes,76,74,73,74,64,7.668494915606029,5.775952857368122,9.367714801219641,72.2,B
Mechanical,No,No,62,61,63,68,95,2.48301232004859,4.236041880892003,18.436701612632632,69.8,C
Mechanical,No,No,88,83,85,87,71,4.935013276793095,6.21081556018216,7.868548958454797,82.8,A
Civil,Yes,Yes,95,95,91,96,61,6.114553571674723,5.860822449134872,6.50355856501963,87.6,A+
IT,Yes,No,76,70,70,71,85,6.208886800000592,7.223171463832939,11.78470470591912,74.4,B
Mechanical,Yes,No,85,80,83,85,70,1.180387191350458,6.414115226004483,21.48764954128318,80.6,A
Mechanical,No,Yes,87,84,84,84,85,7.069081248374203,6.677073167003339,16.20213718207691,84.8,A
EEE,No,No,82,80,83,85,70,5.896695092818003,5.6480709558066255,8.459939649203115,80.0,A
EEE,No,No,36,39,39,48,57,4.431610570233547,7.368031247354437,16.8825918666905,43.8,F
Mechanical,No,Yes,39,41,57,35,58,1.1391593608809627,6.164882512131576,28.91501419418269,46.0,F
Civil,Yes,No,85,83,86,84,85,2.177656053759443,4.75973897464408,16.517804283706887,84.6,A
IT,No,No,82,81,81,86,93,2.879935172175498,4.403912427271044,9.187277227352693,84.6,A
IT,Yes,No,72,70,76,74,96,7.680810568817462,5.914334929731094,22.477655134992446,77.6,B
Civil,Yes,Yes,76,75,70,78,78,4.070280051577505,7.041246604417696,15.508332735796063,75.4,B
IT,Yes,Yes,41,41,50,56,48,5.253742930421067,6.0953723149473795,28.608802086793755,47.2,F
Mechanical,Yes,Yes,88,80,81,83,78,7.070241481159465,7.823372588700655,10.917882646121743,82.0,A
IT,No,Yes,99,91,95,90,95,3.725069298293836,5.1547749470827995,13.891817911623729,94.0,A+
Mechanical,No,Yes,88,86,84,87,93,3.429436579495765,6.188950081682572,29.794322024481236,87.6,A
Civil,Yes,No,33,52,55,51,49,4.176865168798863,7.517305996063294,27.398362407297554,48.0,F
Mechanical,Yes,Yes,70,73,71,73,83,1.155907185470567,7.476486457124139,18.85321790526141,74.0,B
EEE,No,No,87,80,88,83,75,4.328245243183843,7.027710637365766,22.228027262393955,82.6,A
IT,No,Yes,53,39,49,32,66,3.6653080350272833,5.33160338474752,26.393950110013254,47.8,F
IT,Yes,Yes,92,96,92,97,74,4.7342276438342505,7.575570332203831,24.71493028061327,90.2,A+
Mechanical,No,No,73,76,70,74,78,7.047683754066574,5.195452755147471,9.824600198475714,74.2,B
EEE,Yes,No,61,61,63,63,72,6.921869047122092,7.249609936125261,16.91208019638176,64.0,C
EEE,No,Yes,40,35,30,31,44,1.5235765359785751,7.954098669303686,21.8699107400389,36.0,F
IT,Yes,No,85,83,84,85,96,4.934776178362607,4.023458911548645,6.962746711340246,86.6,A
Mechanical,Yes,No,88,81,82,83,96,3.233864428743238,5.879661488134381,17.562271920673304,86.0,A
IT,Yes,Yes,66,60,60,66,88,1.217662353601392,5.845604763302305,16.568998522349325,68.0,C
EEE,No,Yes,61,60,64,68,74,7.990279989262179,6.518564936929829,24.878518062788057,65.4,C
IT,Yes,Yes,92,90,94,99,73,5.974640227800512,4.443563283247325,15.983412546644253,89.6,A+
IT,No,No,96,95,99,96,74,6.325959316515472,4.750889622769009,7.209623674612968,92.0,A+
Civil,Yes,No,92,93,99,95,86,3.192443827491218,4.5882474022663535,17.19627992981016,93.0,A+
Civil,Yes,No,77,70,76,72,84,1.350250855043297,4.277581259762169,25.066979067647974,75.8,B
Mechanical,Yes,No,75,78,78,74,73,7.380178024183875,4.646851113320432,14.222063038897229,75.6,B
Mechanical,Yes,No,35,47,55,34,35,7.680650201546252,4.843877158846798,17.598225193106103,41.2,F
Mechanical,Yes,No,88,82,80,80,64,5.25444907024821,4.335163890193046,21.07652483850074,78.8,A
IT,No,No,32,54,54,41,58,7.004606560978135,4.232604482265605,18.162890413040756,47.8,F
Mechanical,No,No,52,48,46,53,42,1.7811791400487569,6.7432606646881785,12.653982311653282,48.2,F
EEE,No,Yes,84,83,84,83,97,4.522542904010441,7.060595399445056,17.132265851542883,86.2,A
Civil,Yes,Yes,70,73,73,70,73,3.3776243433700994,6.831791306804757,18.93561861675355,71.8,B
EEE,Yes,No,92,92,95,90,66,7.725463860408839,5.663629464587763,26.156132300476234,87.0,A+
EEE,No,No,78,73,78,73,90,4.697586254090099,6.647513552178765,10.18673595147193,78.4,B
Civil,No,No,60,63,60,67,94,3.857867417484981,5.238722257405824,12.427928953196048,68.8,C
EEE,No,Yes,95,94,92,98,73,6.362453435747118,7.153789373013195,21.624622586899882,90.4,A+
Mechanical,No,No,98,98,94,99,60,5.756849489937359,4.89956086726365,15.784516219351866,89.8,A+
Civil,No,Yes,33,49,52,41,44,6.8396690074844795,5.90493125406865,29.69433330342806,43.8,F
IT,No,Yes,72,70,77,72,67,7.223913749934009,5.871396733168172,21.43610817943662,71.6,B
Civil,Yes,No,86,80,82,83,96,5.565925776293351,5.838578389542949,21.894032322380596,85.4,A
Mechanical,Yes,Yes,67,67,65,67,84,5.952183542130309,5.917922524764003,19.61520898887896,70.0,C
Mechanical,No,No,73,71,72,77,71,3.9968635747286227,4.782831006555151,5.696244439568893,72.8,B
Civil,No,Yes,82,80,87,81,76,1.0273987401477345,4.908830711328018,15.160157170024886,81.2,A
IT,Yes,Yes,42,45,31,42,47,1.331449841287876,4.78391488996667,19.548591037644577,41.4,F
Mechanical,No,Yes,80,81,88,87,83,5.111589080029039,4.341609937163495,16.245099767610718,83.8,A
Mechanical,Yes,Yes,68,63,68,62,87,5.916772997782988,6.2282637307356685,26.32390284184372,69.6,C
EEE,Yes,Yes,62,65,65,68,68,4.038497572711863,7.714088300169719,19.75747679388999,65.6,C
EEE,No,Yes,67,68,66,64,84,5.073912646652511,6.677880015674397,13.146102270623192,69.8,C
EEE,No,Yes,30,48,52,45,44,7.739856432699643,6.507727323719431,24.615103133611704,43.8,F
IT,Yes,Yes,88,85,85,81,99,4.301546435254167,4.365687967268553,20.642047806533817,87.6,A
IT,Yes,Yes,91,90,94,94,91,2.9520994681452732,6.801431319891085,26.166528555957647,92.0,A+
Civil,No,Yes,91,99,98,98,67,7.839729631361013,4.412485449632303,18.694617359582985,90.6,A+
Civil,Yes,Yes,65,61,62,65,62,2.1970759809275986,5.703474243532575,9.679327873173674,63.0,C
Civil,No,Yes,61,68,64,62,63,4.964181350633732,6.848218134764909,26.049302967682394,63.6,C
IT,No,No,55,40,55,39,30,6.525657434233471,4.67241019922072,13.636159645137836,43.8,F
Mechanical,Yes,Yes,96,94,97,93,82,1.895067608556923,7.062187002063443,5.000290868884154,92.4,A+
IT,Yes,No,82,85,87,88,94,1.2107271054792326,7.845969298296449,21.696697667520336,87.2,A
Civil,No,Yes,88,87,80,87,96,5.241978770897179,7.397785624902943,6.124920530885609,87.6,A
EEE,No,Yes,91,95,93,93,80,7.208474301464887,6.583243250620824,12.147669730979004,90.4,A+
IT,Yes,No,72,74,72,74,89,4.613734762400423,4.614997248411672,28.043166736291536,76.2,B
Civil,No,No,61,62,68,68,81,2.625860080582677,7.589931539181698,26.569713641784766,68.0,C
Mechanical,Yes,No,65,68,64,61,96,2.0696406652279826,6.5074144850141336,6.840456538342042,70.8,C
EEE,Yes,Yes,77,75,74,77,62,3.451656300289537,7.6683940206871775,8.34937166874453,73.0,B
Civil,No,No,43,46,31,47,41,3.3878561890002006,4.781933625454012,8.753346145750639,41.6,F
EEE,Yes,Yes,93,99,97,95,65,3.015507315330083,6.459801052610618,27.79631022107412,89.8,A+
Civil,No,No,76,74,77,74,72,1.0585596198890093,4.330668151946169,8.154239753718418,74.6,B
EEE,Yes,No,76,78,75,70,63,3.7701580435670303,4.721423873126607,26.037893101553077,72.4,B
IT,No,Yes,76,74,77,78,63,2.5949023165355043,5.960887898614963,13.957236590597056,73.6,B
Mechanical,Yes,No,40,30,41,54,38,6.641505563116259,5.039665895430895,12.515513996391052,40.6,F
IT,Yes,No,65,66,62,63,62,6.5999417078887435,7.743187363581811,15.080736817019895,63.6,C
IT,Yes,Yes,86,88,80,83,89,3.3867659442373927,7.221865132162347,13.465280727815813,85.2,A
Civil,Yes,Yes,49,51,52,55,44,7.283936585308063,7.918766985743314,21.19148964100737,50.2,F
EEE,No,Yes,73,77,78,76,73,1.845456657028051,5.704461115323118,12.188836410523123,75.4,B
Civil,No,Yes,90,93,99,95,98,2.4060136290360594,6.772775763290724,25.536018200246662,95.0,A+
Civil,Yes,Yes,77,74,76,72,61,2.78502556750753,5.050200920080001,5.981326326774997,72.0,B
Civil,No,Yes,54,33,52,50,50,7.223294823831128,7.3431497458088,20.207725702588988,47.8,F
Mechanical,No,No,47,38,37,43,57,4.042861600158574,6.266405387800765,5.561174179044557,44.4,F
IT,Yes,No,88,86,83,82,69,2.4481031279560144,5.432876164972291,8.734984711344307,81.6,A
Mechanical,No,No,86,83,81,84,81,6.093417963897821,7.690415028375831,24.055301457854426,83.0,A
Civil,Yes,No,88,83,81,81,96,4.175009667306224,4.152196713240364,23.21592555792248,85.8,A
Mechanical,No,Yes,67,68,65,61,81,4.2116486798832495,7.9345701241312465,14.811121213564261,68.4,C
IT,No,Yes,67,67,61,68,65,5.131773556817861,4.7675068524094275,19.52765611744741,65.6,C
Mechanical,No,No,52,35,53,54,53,6.310540149197131,6.4057063408992025,13.681930871906749,49.4,F
Mechanical,No,Yes,62,67,68,66,95,4.9200279246024285,5.801560305623724,21.166818828997627,71.6,C
EEE,No,No,83,84,85,82,67,4.664945056708991,5.129049881651731,12.451891263120569,80.2,A
Mechanical,No,Yes,80,83,86,88,64,6.804054481988979,6.032566874660777,20.5060338567228,80.2,A
Mechanical,Yes,Yes,77,77,76,71,75,5.0556580914356415,4.809108724362676,11.756221876542853,75.2,B
Mechanical,No,No,73,72,71,78,75,3.8654144461767483,7.581650844776876,9.064176716586964,73.8,B
Mechanical,No,Yes,78,77,75,73,74,1.5836533763813168,7.714031007775114,19.493427873494298,75.4,B
Civil,Yes,Yes,82,87,85,87,98,2.1865286430624105,4.203899508089769,20.43822787655779,87.8,A
IT,No,Yes,86,84,87,83,93,2.6300098981326596,5.9680069177283315,12.755882093617618,86.6,A
EEE,Yes,No,55,41,48,35,40,3.6757914025948324,6.590313963227436,29.1569062974349,43.8,F
EEE,Yes,No,34,49,50,39,67,4.560045453081006,4.3298323119358155,23.39868004308056,47.8,F
Mechanical,Yes,No,61,61,60,63,93,1.06690730303648,4.948526409533292,10.875719677953342,67.6,C
Mechanical,Yes,Yes,75,73,75,73,82,5.433185221056274,5.849960841622373,18.901310606999026,75.6,B
IT,No,No,81,88,82,81,79,4.38381565566103,4.446543717584246,7.885073982860203,82.2,A
Civil,Yes,Yes,93,93,92,92,76,2.0827049861826534,6.493330203619963,16.85593271750924,89.2,A+
Civil,No,Yes,85,81,81,86,82,1.4373583295047458,6.884897869995666,10.75987678786411,83.0,A
Mechanical,No,No,43,47,46,38,45,2.7341120004191115,7.4209357331313806,28.011549461130013,43.8,F
Civil,No,Yes,74,75,74,70,98,7.692137973405969,4.858940500486253,17.916606496096858,78.2,B
Civil,Yes,Yes,73,71,77,74,97,7.0393954422145795,4.651610617909576,25.31034144059751,78.4,B
Civil,No,No,99,98,96,90,71,6.30874689761977,6.555797541337047,23.975896138471246,90.8,A+
IT,Yes,No,86,86,86,82,71,2.376670626732151,7.789199997680267,10.140537192483528,82.2,A
Mechanical,Yes,Yes,58,55,34,30,40,2.664744530935443,5.715980442560658,8.05281553414985,43.4,F
EEE,Yes,Yes,86,85,85,81,81,5.507355699474353,7.337299182997594,19.433835030491693,83.6,A
IT,Yes,No,99,90,98,95,84,3.5791424394160525,7.581384356612677,21.661576188170894,93.2,A+
Civil,No,No,96,98,90,97,82,2.780741065892929,5.447412372820555,16.81233387516284,92.6,A+
Mechanical,No,Yes,80,82,83,84,94,3.045742697175715,5.1792689533870675,13.863705220715184,84.6,A
Mechanical,Yes,No,74,77,78,76,78,3.021669789678627,4.597072050676989,11.024906449897948,76.6,B
EEE,No,No,74,72,77,77,77,3.272937339807848,7.925790381716517,8.368681628272686,75.4,B
EEE,No,Yes,75,75,71,72,79,6.224196687983538,4.033418816688554,9.21497621085092,74.4,B
IT,Yes,No,94,90,96,96,84,7.317870346756966,6.021009489791428,25.661436652693542,92.0,A+
Civil,No,Yes,60,64,64,64,68,1.9594177847560688,7.396283499613968,20.411983963531114,64.0,C
Civil,No,No,48,58,49,49,39,5.174518307535576,5.376687532671277,12.038648348156585,48.6,F
Civil,Yes,Yes,77,70,71,75,76,5.126295621652728,5.884690237512567,19.335040647442597,73.8,B
Mechanical,Yes,No,78,76,76,77,64,3.5025932989906585,5.1097069392039165,21.07005125405206,74.2,B
EEE,Yes,Yes,87,81,80,82,68,6.974258872417872,6.949491888122685,27.055143430674764,79.6,A
IT,Yes,No,61,62,60,67,98,1.9537640983946731,7.591533511057928,11.064430072448415,69.6,C
IT,Yes,No,51,49,42,31,49,3.2510875825372554,6.280992499789598,10.916384486992847,44.4,F
EEE,No,Yes,91,99,98,99,61,5.782844631778207,6.439986631130484,25.829872793404107,89.6,A+
EEE,Yes,No,75,73,73,77,61,1.8858171783746407,5.906481825242162,24.090382474041416,71.8,B
EEE,Yes,Yes,30,54,30,32,69,3.790402731508525,7.033222854053173,21.27208712809674,43.0,F
Mechanical,No,Yes,93,93,97,91,81,5.383233201151968,6.125266082272237,25.95380458879811,91.0,A+
EEE,No,Yes,61,62,64,68,74,1.890428835364466,5.583764383255897,11.786516575524773,65.8,C
Mechanical,Yes,No,31,54,49,55,61,3.562093742881058,7.52139278340796,8.294666715852756,50.0,F
IT,No,No,81,80,87,82,89,1.722855062125339,4.690095507785449,19.199357432902012,83.8,A
IT,Yes,Yes,72,77,76,74,94,5.677264633705336,7.583248405594315,6.444704925496604,78.6,B
Mechanical,No,Yes,74,70,70,71,85,4.126213307746591,5.830582464134161,11.46704434503571,74.0,B
Mechanical,No,Yes,73,71,72,78,63,7.7680588520537555,6.106379770359157,12.582025651636132,71.4,B
Mechanical,Yes,Yes,52,42,37,44,60,1.4064433722376388,7.424976166766481,29.015020250313032,47.0,F
IT,No,No,91,91,93,94,83,4.641189246175259,4.571503845357647,24.38365376007839,90.4,A+
EEE,Yes,Yes,66,61,65,67,77,7.8196976786521555,5.757970050279455,6.511173074631755,67.2,C
IT,No,Yes,65,60,64,64,74,5.983326197089136,6.966643554872355,17.485114034506115,65.4,C
EEE,No,Yes,91,98,97,97,66,3.20939140634345,6.579330416089255,14.87827269028758,89.8,A+
Civil,Yes,Yes,93,93,98,95,81,5.131847572199357,5.732986995886622,29.6087851850726,92.0,A+
IT,No,Yes,75,75,70,71,79,5.55175503752333,5.249953304571419,13.700753817706323,74.0,B
Civil,No,No,66,68,66,64,74,6.114458448840143,7.330113395169528,22.87026730328194,67.6,C
EEE,No,Yes,88,86,86,80,61,7.571002447618245,5.969449214078503,22.521642478135714,80.2,A
Mechanical,No,Yes,91,98,99,99,76,3.982640325328588,4.890305670284122,14.916290048856297,92.6,A+
EEE,Yes,No,64,60,68,67,95,3.7589326997981822,4.807198325368761,6.763357380933048,70.8,C
Mechanical,No,No,88,80,80,84,80,5.326720758931878,6.038035492896808,18.643741994485893,82.4,A
Civil,No,No,73,74,73,71,66,7.125060898207791,5.205824745642672,7.363908619359706,71.4,B
EEE,No,Yes,65,64,60,62,98,2.585106334727245,6.317071318300798,19.467376967941163,69.8,C
EEE,No,No,78,73,71,78,89,7.480261851387138,6.581382493002431,15.368395063249844,77.8,B
Mechanical,No,No,73,72,75,78,90,6.511280862201767,7.93665983793286,5.497537093501946,77.6,B
IT,Yes,No,86,84,87,80,70,5.222345159302672,6.094402188610447,11.33960292490923,81.4,A
IT,No,Yes,76,74,78,74,77,6.923357063080614,5.809293910537184,15.60972545181276,75.8,B
EEE,No,No,84,83,88,82,70,4.460595677320306,7.659339799987512,10.29285930369927,81.4,A
Mechanical,No,Yes,95,91,91,97,70,1.470791397771575,4.379671747286679,29.972315300832264,88.8,A+
EEE,No,No,88,82,87,88,99,3.347601243522237,4.70832902158916,7.460604727534219,88.8,A
Mechanical,No,Yes,90,96,98,97,67,3.1204101018323485,4.262779435817463,10.705884087342477,89.6,A+
EEE,Yes,Yes,95,95,90,98,65,5.136250602317693,6.71025744736913,5.414695723196404,88.6,A+
Mechanical,Yes,No,81,85,82,87,85,6.530582749800065,6.465162993416579,6.1215139406929255,84.0,A
IT,Yes,No,96,97,93,91,89,2.8958257588345195,5.755885682822544,6.961409533556649,93.2,A+
EEE,Yes,Yes,75,72,76,75,68,7.194487227914767,6.308081606762233,10.528690252767335,73.2,B
IT,No,Yes,36,52,57,30,36,3.2244978601080474,5.240007411129222,23.69730635065208,42.2,F
IT,Yes,Yes,74,78,70,73,66,7.813760040052303,5.754738811599174,18.51893754718391,72.2,B
Mechanical,No,No,58,50,41,34,52,3.6682250067562605,6.875511921576541,27.096902799647044,47.0,F
IT,Yes,Yes,81,80,81,83,92,4.175052999459838,5.819489771211472,22.1425135733411,83.4,A
Mechanical,Yes,No,70,77,75,78,78,7.381470828147124,6.60993891362463,24.345018714225848,75.6,B
Civil,Yes,Yes,85,86,86,88,70,2.324370546732484,6.881535994345783,17.777840962237512,83.0,A
IT,No,Yes,85,83,87,86,82,2.734687100348348,4.145362993264969,7.546181628559569,84.6,A
EEE,No,No,46,51,58,32,46,7.881115014943039,4.231990289890834,19.588238721647834,46.6,F
EEE,No,Yes,74,71,72,75,76,2.456171939132742,5.350843098896898,25.24185645220183,73.6,B
EEE,Yes,No,74,74,75,74,97,1.3789408588162453,6.387427443137964,15.696014265676324,78.8,B
Mechanical,No,No,98,97,99,99,61,3.4056423482637213,5.1297235947460464,14.76820914034033,90.8,A+
Mechanical,Yes,Yes,63,63,60,61,62,6.335615527495185,7.960439134939668,24.44478951049226,61.8,C
IT,No,Yes,78,78,73,78,73,7.509595121603029,5.374126445993177,29.087106966404313,76.0,B
Civil,Yes,No,85,84,83,83,80,1.848088228826898,4.341633931233061,27.736091600915778,83.0,A
Mechanical,No,Yes,43,31,37,48,36,3.8254486837675317,5.267164297978457,28.343604955695337,39.0,F
Mechanical,No,No,85,81,82,85,97,7.285547054106158,7.239697681211597,19.578255477489588,86.0,A
Mechanical,Yes,Yes,99,96,90,97,70,1.2211030137794943,7.744848984974759,6.299282091286811,90.4,A+
EEE,No,No,78,72,74,73,73,1.0806820983708967,4.521362894276288,12.731702787492384,74.0,B
Civil,Yes,No,76,72,70,73,78,3.570943908964965,7.6552580904997765,14.207386691392738,73.8,B
Mechanical,No,Yes,63,67,67,66,85,6.670485157604594,5.925104602046467,16.265585627704226,69.6,C
Civil,No,No,88,82,86,86,93,7.905411811002107,5.113070643275078,14.885456756059451,87.0,A
IT,Yes,Yes,82,85,81,88,97,1.8103203237242724,7.376743583296326,8.482558467697858,86.6,A
IT,Yes,Yes,68,62,62,60,63,2.1454928892954657,7.48468132784389,11.806188409261782,63.0,C
Mechanical,No,Yes,84,82,81,80,78,4.016007927675895,5.248767535145552,23.127778998332904,81.0,A
EEE,No,Yes,41,43,34,56,31,5.705900553439347,5.380629856543921,5.439747905313115,41.0,F
Mechanical,No,Yes,90,91,91,95,82,5.440459412909546,6.722821806219067,18.27336458292841,89.8,A+
Mechanical,No,No,93,94,90,90,62,3.010672941578572,5.18523248182396,10.840193776247748,85.8,A+
IT,Yes,Yes,68,67,67,60,97,7.874280613136874,4.252134609999047,27.575027128787404,71.8,C
Mechanical,No,Yes,64,60,68,68,67,6.747505561399131,6.1834376040790495,13.453588455604905,65.4,C
Mechanical,Yes,No,38,38,32,52,57,3.1693155913608795,6.963250366040093,5.617859484712083,43.4,F
EEE,Yes,No,74,71,75,70,81,6.117720881024935,4.968733782375071,9.292749724342205,74.2,B
IT,No,No,78,74,72,72,87,5.209708901872502,6.6218138259742565,5.216727246128276,76.6,B
IT,No,No,57,57,45,30,32,7.615153422746672,6.071478476724525,25.79780435298766,44.2,F
Civil,No,No,90,91,94,94,67,5.76092351772416,4.923316756616048,16.421466122009214,87.2,A+
EEE,Yes,Yes,78,75,70,72,63,5.924557008618386,6.39164396905333,17.24734360960435,71.6,B
Civil,No,Yes,78,75,75,78,92,7.341815644564823,7.454186126685714,21.851461318842397,79.6,B
Civil,Yes,Yes,46,34,49,42,42,4.763372205231482,6.067434102149269,27.62710094402384,42.6,F
EEE,No,Yes,34,37,50,43,67,5.317109547627839,5.274810623845534,21.92907191181183,46.2,F
EEE,Yes,Yes,85,84,83,86,87,3.0361379796210777,5.877627367957032,26.446444587937226,85.0,A
Mechanical,Yes,No,92,91,93,94,86,4.774128936726782,5.245230796624014,20.25834458277296,91.2,A+
EEE,Yes,No,99,97,91,96,62,2.0663071262517483,5.06467205006215,5.550673030595425,89.0,A+
EEE,Yes,No,81,85,83,80,60,2.138625705738396,6.937462705968874,10.22077338736475,77.8,A
EEE,Yes,Yes,34,30,40,55,50,4.450947003731723,4.833977899817042,9.071164381977368,41.8,F
IT,No,No,33,38,44,53,55,7.080758024211294,5.115332691271266,10.09006789336637,44.6,F
Civil,No,No,54,53,51,42,46,7.321091274176647,4.334328888001423,25.565623191964004,49.2,F
EEE,Yes,Yes,39,50,31,38,39,3.978439894160803,4.386793542185349,29.447789064767356,39.4,F
IT,Yes,Yes,88,80,85,86,82,5.123140636866381,7.7546592531734895,13.746359604521361,84.2,A
IT,Yes,Yes,33,50,47,37,41,6.981448293769685,5.9223130107547135,20.517705658376478,41.6,F
Mechanical,No,Yes,77,72,71,76,80,6.0378620002258625,4.376961401908989,20.8441914949624,75.2,B
Civil,No,No,84,83,86,87,80,6.878742465424419,4.509942720560985,25.005158692089477,84.0,A
IT,No,No,95,96,98,92,78,6.209953459164689,7.487331115892484,15.841383348909723,91.8,A+
Civil,Yes,No,63,60,61,62,82,2.610601358940013,5.023923035371989,5.800451332986274,65.6,C
IT,No,No,70,73,74,72,86,6.230219193777553,5.850253233255199,20.03460556921827,75.0,B
Civil,Yes,No,95,97,98,93,71,5.985894129471094,4.592347719813599,29.943512126223546,90.8,A+
IT,No,No,62,61,67,66,99,1.8471100172405421,7.719939132536538,18.793772073488782,71.0,C
EEE,No,No,70,70,76,72,61,6.838878032730721,4.032584992776941,10.326433768325153,69.8,B
IT,Yes,No,30,46,56,39,35,7.161509371398975,7.92213548515456,14.819996427512065,41.2,F
Mechanical,No,No,80,81,86,80,92,4.586749745124746,5.3953276298345205,14.370623108749943,83.8,A
Civil,Yes,Yes,68,64,66,64,76,3.669579251407001,5.050790527587607,6.117756863872413,67.6,C
EEE,No,Yes,85,83,88,86,84,6.569048633803105,4.565534216865361,8.258010829308397,85.2,A
Civil,No,Yes,41,49,35,57,39,1.6687492655315146,4.445044989237873,27.533084354069295,44.2,F
Civil,No,Yes,70,71,73,78,94,3.1241725151472437,7.455743229839819,24.53807823832668,77.2,B
Mechanical,Yes,No,30,40,42,30,63,7.0718287925719725,5.308398661600317,13.22657042252274,41.0,F
Mechanical,No,No,61,67,67,60,76,6.139047181129056,7.751643813697374,18.231126423986822,66.2,C
Civil,Yes,Yes,77,77,74,74,85,2.465014330710839,4.014878643272237,11.03765567140153,77.4,B
Mechanical,No,No,44,52,45,33,46,4.2339883995576395,4.1402851179141305,24.792947039088208,44.0,F
IT,No,Yes,91,93,97,95,60,1.9838707730485254,5.942358798637591,5.6884179967366375,87.2,A+
Mechanical,No,No,81,80,87,83,62,3.5187743044559654,6.163062525202172,21.932517158391487,78.6,A
IT,Yes,Yes,55,33,46,45,52,1.425468180405824,7.59311883017518,12.611086224759351,46.2,F
EEE,No,Yes,99,93,93,93,69,1.9647602941146478,6.652168018001969,5.046997088122766,89.4,A+
Civil,No,No,90,90,92,95,81,7.852250007925063,5.94696861183782,27.65246969296385,89.6,A+
IT,No,No,33,56,39,43,68,2.5938063815071892,6.488790585120532,5.303436457880013,47.8,F
IT,No,Yes,82,80,82,88,85,7.192108217607296,7.582251392527355,27.729381601339643,83.4,A
Mechanical,Yes,Yes,40,49,36,47,33,4.620927818712866,7.356054412639208,23.233638358244317,41.0,F
Civil,Yes,Yes,62,63,60,66,89,7.88251190657622,6.5400982645664385,16.071762652647262,68.0,C
Civil,Yes,No,92,93,96,90,92,1.437795588281579,7.2054676632780765,24.164713099291085,92.6,A+
EEE,Yes,Yes,95,98,97,94,60,5.599779299501168,5.742691594711564,23.250982914045462,88.8,A+
IT,No,Yes,87,85,86,88,98,7.217905375580542,5.8397678051758515,20.174327906856636,88.8,A
Civil,Yes,Yes,70,74,73,72,96,7.542563668950544,4.034276843242963,6.194992741443732,77.0,B
EEE,Yes,No,60,61,62,62,71,3.1817827979217292,5.231171022191699,12.225158368361587,63.2,C
Civil,No,No,82,84,81,83,69,5.65755645893233,6.002843703346685,21.1215305703745,79.8,A
Mechanical,Yes,Yes,33,35,58,45,55,2.9240999966450723,6.710452702170445,5.960827435811745,45.2,F
IT,Yes,No,39,49,44,33,55,7.292153284055273,7.094027395203785,26.78002590729225,44.0,F
IT,Yes,No,84,88,84,84,94,4.7630679663606,6.303169884489239,21.128752082522585,86.8,A
Civil,Yes,Yes,58,34,36,48,53,6.171431168452602,6.948995155026946,15.690686792184714,45.8,F
EEE,No,Yes,86,84,85,84,82,6.844816499780737,6.841406002849329,7.812578263165793,84.2,A
Mechanical,No,No,45,30,33,35,59,2.8029740795466185,6.17559368285259,23.488778718374824,40.4,F
Mechanical,Yes,Yes,66,68,63,63,62,1.4550384258756441,5.475516366637102,25.81937578068373,64.4,C
Civil,Yes,No,78,78,75,72,74,4.285263079304291,5.75862293623666,16.157166711858782,75.4,B
Civil,No,Yes,60,68,60,64,79,4.275409423618809,6.270143145825281,24.780106339701778,66.2,C
Mechanical,No,Yes,68,65,67,68,74,3.9474997873554365,4.809151767490151,14.700690458537856,68.4,C
IT,Yes,Yes,50,46,31,47,52,7.382574791308681,6.869184310293711,7.632321456398626,45.2,F
Mechanical,No,No,62,64,61,66,62,6.821480281185316,7.584113461299973,15.365501559911946,63.0,C
Mechanical,No,Yes,43,37,52,56,39,4.996843567487394,4.15596561881998,23.767230462218045,45.4,F
Mechanical,No,Yes,71,75,73,70,67,6.897741558462611,5.2128327750387,15.736197426967564,71.2,B
EEE,No,Yes,53,46,47,36,69,4.676829427025572,6.807794003922021,29.248430261177287,50.2,F
Mechanical,No,No,94,93,93,97,91,6.076803622905955,5.946675765698812,26.835580952041514,93.6,A+
Civil,No,No,70,73,78,71,94,2.1953219841526996,4.907348409301981,19.387525461726476,77.2,B
EEE,No,No,75,72,76,75,94,2.4369017218546096,5.171622986806916,13.652774677352879,78.4,B
EEE,No,No,78,74,77,75,73,7.334733161189398,7.2714026536593295,13.656651038368713,75.4,B
Mechanical,No,Yes,30,44,39,47,45,6.355302329793428,5.62050429334744,26.81301292115455,41.0,F
Civil,No,Yes,71,74,77,71,95,4.659114746397982,5.166352512644629,11.672482202469297,77.6,B
Civil,Yes,No,72,75,77,78,89,5.260082082479358,6.239421520137909,29.027956700541004,78.2,B
EEE,No,No,95,95,93,90,69,3.2852291577079433,6.070846573538846,7.1966624786208335,88.4,A+
IT,Yes,Yes,53,51,40,55,57,4.456386439608631,5.562562619217356,16.798448213911467,51.2,F
EEE,Yes,Yes,45,34,50,30,46,2.0109674085684355,6.211986330755686,12.147939396555325,41.0,F
Mechanical,Yes,No,87,87,80,88,71,1.8629864550926278,6.074246754662935,11.146186062335008,82.6,A
EEE,No,Yes,71,76,78,74,66,3.7284272373560117,5.570834128576868,20.40096320849893,73.0,B
Mechanical,Yes,Yes,63,68,68,64,65,5.822690531198189,4.69978405476412,19.90963546008073,65.6,C
IT,Yes,No,57,33,56,53,31,2.335545858330871,7.228719080809965,21.437351481406274,46.0,F
Mechanical,Yes,Yes,95,92,93,90,67,6.2727235452321555,5.089207418881198,27.435760245472107,87.4,A+
Mechanical,No,Yes,65,66,65,60,88,1.5836429402903982,7.34915943623394,20.325349026299296,68.8,C
Mechanical,Yes,No,65,68,68,61,95,1.9781846169504802,5.560682861086892,12.103396605134963,71.4,C
Mechanical,No,No,88,83,88,86,93,6.839148757459089,4.471889934512246,6.128784110307299,87.6,A
Mechanical,Yes,Yes,41,38,47,31,54,7.390024981605651,5.864458099757903,13.13942082873321,42.2,F
IT,No,Yes,70,72,77,77,94,7.896451281377656,7.239652481224361,16.50516545391538,78.0,B
Civil,No,No,99,92,96,92,72,1.3941229297728615,4.475271665072288,7.9381561694276215,90.2,A+
IT,No,Yes,98,90,95,98,67,1.734511248927224,4.968180063450109,29.666564831678663,89.6,A+
IT,No,No,88,83,82,86,83,3.3933369467384322,6.11070986488678,10.29089746424653,84.4,A
IT,No,Yes,51,30,30,47,33,6.008339900813755,7.612833299933621,9.17992823670341,38.2,F
Mechanical,Yes,No,94,99,91,94,77,4.414978307484537,4.4389447947100145,18.698987224342325,91.0,A+
IT,Yes,No,35,35,31,55,34,4.861964989043514,6.465011307348405,27.690982332738603,38.0,F
Civil,No,No,75,74,76,75,80,3.3517921516635805,4.617972944824153,15.008037062181998,76.0,B
IT,Yes,Yes,51,51,49,44,46,1.3214403926388414,5.354977976974689,15.294113755659435,48.2,F
Mechanical,No,No,90,98,96,98,83,1.0386548198652168,7.261845713819337,22.67143359619043,93.0,A+
Mechanical,Yes,No,78,78,77,70,82,3.555585712990805,7.650336871699292,24.513045068925543,77.0,B
EEE,Yes,Yes,40,31,45,51,64,3.3112671620701586,5.513900202909486,28.627938222183403,46.2,F
EEE,Yes,No,71,75,70,76,63,5.989402554618331,6.220022689337944,27.604780188810697,71.0,B
Civil,Yes,Yes,81,87,86,87,98,2.9998971583133516,4.365496419441637,12.870645733791221,87.8,A
IT,No,No,98,94,97,91,81,4.67804438781985,4.977359763145865,7.823580210279339,92.2,A+
Civil,Yes,Yes,68,60,61,61,73,5.318188503764764,6.136406760343462,10.456737071334652,64.6,C
IT,Yes,No,75,70,78,72,72,5.761664276906481,7.369827944473654,10.711789397925592,73.4,B
Mechanical,Yes,Yes,55,42,30,39,38,3.6291063467536753,6.012282139822933,6.932867172066363,40.8,F
EEE,Yes,Yes,70,78,72,73,92,1.6998967323864367,4.134183485648631,19.00997384549857,77.0,B
Mechanical,Yes,Yes,66,60,62,60,62,7.217245372648678,4.979242960243603,19.359243105975352,62.0,C
IT,No,No,31,51,36,33,67,3.040193899613594,4.659091207647544,22.657220350975184,43.6,F
IT,No,Yes,81,85,86,83,97,3.7040139360188165,5.413892768242882,12.890830384178807,86.4,A
Mechanical,Yes,Yes,93,98,94,94,97,4.562233889137391,5.477123080862164,28.323121564241802,95.2,A+
Mechanical,Yes,Yes,34,46,46,31,31,3.9939081957346696,6.806397399598388,15.865059217949796,37.6,F
Civil,Yes,Yes,90,98,90,97,84,3.08066465396032,5.199676446027938,23.579829968290085,91.8,A+
IT,No,No,50,31,58,33,36,1.86300479528235,7.38315386687475,13.106247390965377,41.6,F
Civil,Yes,No,60,68,63,67,90,1.4995690972256603,7.042232462079692,17.13915505708573,69.6,C
Civil,Yes,No,67,64,60,63,90,6.151891421299557,4.031379684962493,18.48076318341208,68.8,C
EEE,No,No,90,97,94,91,89,7.822898963094829,6.88755051170774,21.424596439112328,92.2,A+
Mechanical,No,No,81,82,82,80,61,5.02751421190369,5.716249477210663,11.898067359513671,77.2,A
Civil,Yes,No,88,85,82,86,63,2.9539132954198877,7.722689022249593,5.616110115908067,80.8,A
IT,No,No,31,50,31,56,66,4.102968234987135,7.791843667005579,8.366473165604631,46.8,F
Civil,No,No,41,38,49,34,32,5.69708732391409,6.582741300696963,18.985052897456022,38.8,F
Mechanical,No,No,83,80,83,81,88,7.011330008870928,5.303525370463161,28.851056626952143,83.0,A
Civil,No,No,30,39,50,44,59,6.270640197641775,4.605928452119833,15.014733932995279,44.4,F
IT,Yes,Yes,78,71,76,74,80,1.2018542884519374,5.352559953935234,7.696331614057729,75.8,B
IT,No,Yes,88,83,87,82,98,4.810414213440247,4.934963168146977,20.944353546139787,87.6,A
Mechanical,Yes,Yes,48,50,41,54,64,6.419333442000273,4.960153675056599,23.227582089871905,51.4,F
Mechanical,Yes,No,73,75,76,75,70,3.4781374662240783,7.283638536282464,24.562800205145734,73.8,B
EEE,Yes,Yes,90,99,95,91,94,6.0044682814157335,6.251001145373531,16.78831150256282,93.8,A+
Mechanical,Yes,Yes,34,31,30,51,45,5.155871851710991,4.268788392410853,22.86354253625013,38.2,F
Mechanical,Yes,No,38,53,32,51,39,1.1224688324031837,7.89485160656694,16.804917568953037,42.6,F
IT,Yes,No,82,82,84,84,69,7.934754099460361,7.026920668274272,16.057345136278382,80.2,A
Civil,Yes,Yes,70,75,72,78,88,7.997953464752817,7.3732118646086455,14.0442501443245,76.6,B
IT,No,No,35,55,38,54,61,7.83082322847895,6.231415396520782,19.14319778360731,48.6,F
EEE,No,No,83,84,84,83,95,6.750298769433336,5.416258249420377,21.39551918318482,85.8,A
IT,No,No,67,65,60,66,76,2.410598877968759,7.230222203997204,6.346552861377412,66.8,C
Mechanical,Yes,Yes,84,86,86,83,96,3.7620062072324663,6.119762347720932,9.034183959709578,87.0,A
Mechanical,No,Yes,67,67,63,67,82,5.407708563019211,7.947654856872849,14.951079352602394,69.2,C
Civil,No,Yes,91,90,96,94,76,5.493800503102862,6.4283761443551235,18.66743531785175,89.4,A+
Civil,No,No,73,71,76,72,92,4.898664641649226,6.62318511959888,17.42559119443017,76.8,B
Mechanical,Yes,Yes,63,60,60,64,78,2.3022384295989506,7.738147926564813,29.42085662950473,65.0,C
IT,Yes,No,81,84,86,88,72,4.222487611943788,6.838685374018098,29.592789580228793,82.2,A
Civil,Yes,No,96,90,95,92,70,2.1125679829372954,5.874157667074337,28.607590873945746,88.6,A+
Mechanical,No,Yes,81,80,80,84,79,6.327041880646887,6.852057167446963,14.157159655163055,80.8,A
Mechanical,No,Yes,68,66,64,61,66,3.830310415432795,7.138940456344397,25.371675374136156,65.0,C
IT,Yes,No,74,70,78,70,60,4.479625165455579,7.01123597804404,25.581716327869305,70.4,B
Civil,Yes,Yes,94,93,99,90,97,5.720126644863339,6.129924770237705,23.035551683218294,94.6,A+
EEE,No,No,37,52,40,49,48,1.2575560700805295,5.511542563090895,25.23953255678215,45.2,F
Civil,No,No,72,70,77,75,88,1.6728809621250604,5.698290428743823,28.341972653323378,76.4,B
Mechanical,Yes,Yes,94,95,91,93,94,3.1441944914474886,7.155940639683173,16.160487910039556,93.4,A+
IT,Yes,No,97,96,98,92,76,4.1918549303195585,5.7738233455276164,20.052924633869488,91.8,A+
EEE,Yes,No,31,42,43,39,59,5.752334261693642,6.448438310003433,8.655806303205214,42.8,F
IT,Yes,Yes,82,82,80,82,70,3.8420826119427742,4.054794201635659,7.005556161392851,79.2,A
Civil,Yes,No,92,97,91,96,88,1.3841783025253245,5.820574740144624,18.060864401779224,92.8,A+
EEE,Yes,No,65,63,63,61,95,2.4586857530617774,6.645215849147467,27.7814037958572,69.4,C
Civil,No,Yes,94,92,91,99,84,6.279774810407042,6.477991005630351,12.433876205920972,92.0,A+
IT,Yes,No,60,66,61,65,85,6.9717827696570716,5.599840293529896,23.24778284480909,67.4,C
EEE,Yes,No,78,70,77,70,60,1.5459570648658636,4.424520077236078,17.319533646623892,71.0,B
Mechanical,Yes,No,92,95,96,93,82,1.6538558038270692,5.764288633003135,9.890231826112876,91.6,A+
EEE,Yes,No,63,61,62,62,98,4.747666687674428,7.727131973105013,7.687465927735727,69.2,C
Civil,No,Yes,45,53,39,33,39,5.473227482826882,5.623518675348896,29.288025677053906,41.8,F
Civil,Yes,Yes,33,43,50,51,38,4.9059462042541675,7.704696176279015,7.5507473660372595,43.0,F
Mechanical,Yes,No,48,52,57,52,37,3.690373195709694,6.95356654774423,24.35538895415897,49.2,F
Mechanical,No,Yes,55,55,37,58,50,2.5232981711417795,7.294919520536679,19.546508767116563,51.0,F
Mechanical,No,No,76,71,77,78,95,1.1012944905200552,4.476914311271434,21.227293513463703,79.4,B
IT,Yes,No,58,32,42,57,40,4.082514381983366,4.569852592348434,21.015973033003068,45.8,F
EEE,Yes,No,64,64,68,67,90,3.9239152367502395,6.1014350738944145,7.867232945268966,70.6,C
Mechanical,Yes,No,99,98,95,98,60,6.903283174515182,5.94037863991816,13.340709895921641,90.0,A+
Civil,Yes,Yes,30,58,50,43,63,2.2654316838850876,7.200632946659185,21.04342612035058,48.8,F
IT,Yes,Yes,70,75,70,76,97,6.725329237827076,4.1534554454228045,26.76992930845283,77.6,B
Mechanical,Yes,No,62,65,61,63,77,3.764065662010045,6.433536867266103,6.004967281446914,65.6,C
Civil,No,Yes,96,96,95,95,84,6.095630237115202,4.431774858585857,22.132450402896833,93.2,A+
IT,No,Yes,80,84,86,85,61,5.766673039825033,7.517297853450243,17.85567528164944,79.2,A
EEE,No,No,97,92,95,94,61,2.486373774747933,4.7272998688284025,9.585112746335845,87.8,A+
Civil,No,No,95,91,90,94,84,2.4449489023242226,4.0439833146339215,8.422140751720182,90.8,A+
EEE,No,No,87,84,81,83,84,6.412173842228712,4.425063619169583,24.460710169534998,83.8,A
EEE,No,Yes,56,39,39,51,68,3.749654018667772,5.579414697614713,11.370440591109535,50.6,F
Mechanical,No,No,77,78,74,74,78,7.321682549345168,7.4569224090462285,16.61456911098115,76.2,B
EEE,No,Yes,58,41,57,58,67,4.445158540986441,5.353943434277075,16.377241652660196,56.2,F
EEE,No,Yes,52,35,30,49,67,3.2720506141569543,4.731550603586211,8.579117694439478,46.6,F
EEE,Yes,No,58,39,48,32,50,4.4842277186946315,5.712191167768299,13.150586306949622,45.4,F
IT,No,No,61,60,62,66,60,7.990889372889008,4.286842083539731,6.0890170143105005,61.8,C
EEE,Yes,No,62,60,68,68,66,5.200867579576475,4.625045359245423,18.388147067389987,64.8,C
EEE,No,Yes,62,61,65,62,60,2.956046192194942,4.964126951614444,17.438000261336143,62.0,C
Civil,No,No,64,60,67,61,75,4.039530173178923,4.5409114038206555,11.816926309862037,65.4,C
EEE,No,No,42,40,55,42,48,3.569799795735269,7.526225044272004,7.817792068722724,45.4,F
EEE,Yes,No,84,82,85,87,82,3.796631492108544,5.3071788234311095,5.270277090879908,84.0,A
Civil,Yes,Yes,63,61,68,61,67,7.295375863128822,7.879702294263774,20.861328493890078,64.0,C
EEE,No,Yes,72,73,77,73,98,7.672170237398172,6.432853089518301,10.49998680591563,78.6,B
Mechanical,Yes,No,51,57,45,40,51,4.928928603993485,5.351023045974341,6.791265355787116,48.8,F
Civil,No,Yes,67,60,61,60,64,5.168353046659711,5.797372210007286,15.557302820895792,62.4,C
IT,No,Yes,58,33,43,34,54,7.455398066849797,4.606826462015594,19.173761890970255,44.4,F
Civil,No,No,55,50,56,48,51,4.330577704962208,6.614260610724408,8.646728173847402,52.0,F
Mechanical,No,Yes,31,46,56,49,33,7.693583379533077,7.518252950451124,19.501088882452457,43.0,F
Civil,Yes,Yes,65,68,65,62,69,7.224666962687779,4.839306332362245,29.546932408815145,65.8,C
Civil,Yes,Yes,86,82,84,80,91,7.66984072419409,4.957329146189434,20.60283550114136,84.6,A
Civil,No,Yes,35,42,33,42,33,2.721560499769944,6.754921430425295,27.296879173355524,37.0,F
IT,Yes,Yes,67,64,61,67,76,2.903755754446578,6.882671469840558,6.213760680221579,67.0,C
Civil,Yes,Yes,46,31,44,35,34,2.032903479841395,5.894215334188953,24.765154957651866,38.0,F
EEE,No,No,57,37,42,36,57,1.1185054669787453,6.0883809476591555,13.381195892508279,45.8,F
EEE,Yes,Yes,99,95,90,93,87,4.649072333578973,7.904055293116855,8.138755369066335,92.8,A+
Civil,Yes,Yes,85,83,83,85,96,3.776134020704308,4.49948030762369,18.136128159054486,86.4,A
Mechanical,No,No,60,63,64,66,83,5.50018810493877,6.260490683932201,23.07426311107437,67.2,C
Civil,No,Yes,66,65,63,64,90,4.919712317939716,6.5255587264579145,11.0524739331586,69.6,C
Civil,No,Yes,88,82,82,84,80,4.219871687746705,5.117357941106238,14.234779111377843,83.2,A
EEE,No,Yes,61,60,66,62,73,5.284347350137073,5.5075800675408555,5.03419960908842,64.4,C
EEE,No,Yes,67,66,63,61,74,5.113683360312822,5.271757318827291,18.845772896695586,66.2,C
Civil,No,No,74,74,75,76,85,4.108791036227845,7.125424873580801,22.001151409356748,76.8,B
Civil,Yes,No,80,86,87,81,63,2.6712623976021685,4.854171417961366,15.278608411999675,79.4,A
EEE,Yes,Yes,87,80,88,87,75,4.321044399030219,5.335106388279192,19.48283506971152,83.4,A
Civil,No,Yes,68,62,60,61,73,3.1584854944261718,7.5379861391754535,21.905843376011937,64.8,C
Mechanical,Yes,Yes,64,64,62,66,69,7.257913716300732,7.8643882563516385,27.12762462726301,65.0,C
Mechanical,Yes,No,65,61,67,67,87,7.151606706601485,6.727491773987067,18.52669646642056,69.4,C
Civil,Yes,Yes,65,66,65,66,76,2.1113054057845835,7.690725736026447,5.066704200232157,67.6,C
IT,Yes,No,31,33,32,38,47,2.627283281517344,5.190658023717257,16.032777809711504,36.2,F
IT,Yes,No,63,60,68,60,65,2.910420122270599,4.009818345775377,15.392782728746209,63.2,C
IT,Yes,Yes,60,64,61,61,89,3.711333945996847,7.366767072388015,10.484201626631751,67.0,C
IT,Yes,No,61,65,62,66,68,6.067889856737059,6.647798345919574,16.031146910779434,64.4,C
IT,No,No,67,66,64,61,73,2.3187633718034455,7.138040542710213,19.904069947766935,66.2,C
EEE,Yes,Yes,36,43,45,35,63,5.757689812760658,7.018117355306966,9.347304376618622,44.4,F
IT,No,No,64,64,61,64,71,6.761198161570351,4.923761436882935,7.46093872502477,64.8,C
IT,Yes,No,41,30,51,33,47,7.1079656285057435,6.187739409792844,17.019535448727833,40.4,F
EEE,Yes,No,57,33,55,30,65,7.341915343812405,4.9381234879410965,9.939523608761926,48.0,F
IT,No,No,46,38,32,51,69,4.99533599326036,4.042031992398352,24.041907136156215,47.2,F
Mechanical,No,Yes,39,32,52,54,56,3.288151528357237,7.553454731205056,5.638685028040103,46.6,F
Mechanical,No,No,82,87,82,80,72,6.364128497832301,5.991794370329055,12.750850600311251,80.6,A
Mechanical,No,No,84,80,84,82,90,4.215125817491517,4.307876732032069,21.769125636075895,84.0,A
Mechanical,Yes,No,71,74,76,70,84,4.824947086520719,5.424845269015477,5.181820192350232,75.0,B
EEE,No,Yes,48,38,39,48,43,4.946023756833324,4.307468413527019,24.997282606720425,43.2,F
EEE,Yes,Yes,83,80,88,86,66,4.525958709588496,7.513663452179847,28.812919742114964,80.6,A
Mechanical,No,No,80,82,82,81,98,5.536212226386499,4.981817850155721,22.939034566213394,84.6,A
Mechanical,Yes,Yes,86,84,82,84,82,5.447263426958247,4.785947867824845,10.293646551310488,83.6,A
IT,No,No,75,73,78,74,75,6.547196683974843,5.227177132440405,5.900934437479687,75.0,B
Civil,Yes,No,63,64,61,67,91,1.8508553251163737,4.465611404662983,10.111384535484923,69.2,C
IT,No,Yes,50,51,40,33,62,6.553413795026832,7.0760929551305916,21.69390062996339,47.2,F
EEE,No,No,72,78,78,77,99,3.0075701043197784,7.8769965552900345,20.217105515087525,80.8,B
Mechanical,Yes,No,87,86,81,81,84,5.127574466060834,4.2695074860877025,25.78851965844164,83.8,A
Mechanical,Yes,Yes,73,70,73,70,90,4.536159980659127,6.992138957366355,8.473997631222906,75.2,B
EEE,No,Yes,87,82,88,81,83,1.9747784954929277,4.042861190781435,18.60643342538127,84.2,A
Civil,No,No,76,74,70,77,67,4.735235707856167,4.564664132788119,5.639474579879204,72.8,B
Mechanical,Yes,No,44,38,51,52,69,5.746507586253417,6.738177732125296,10.428883337276623,50.8,F
IT,No,No,86,84,80,84,78,6.891308218304707,6.21848196484458,27.540780737159004,82.4,A
Mechanical,Yes,Yes,43,50,36,42,41,2.428482093351188,7.783414149591421,7.104260914005096,42.4,F
Mechanical,No,No,63,65,62,62,91,6.355444019558948,7.791668315737988,22.920930168347564,68.6,C
IT,No,Yes,85,82,83,82,60,3.140207702131038,5.610814883978241,21.812681566841228,78.4,A
IT,Yes,No,49,54,55,45,46,1.2323134115750105,6.068058895546864,9.917160853171534,49.8,F
IT,No,Yes,94,97,99,90,87,3.968914699116702,6.945776942498892,28.359175369225373,93.4,A+
IT,No,Yes,73,70,76,77,93,7.125846946677461,4.1064102543862555,19.049533540659482,77.8,B
Mechanical,Yes,Yes,81,81,83,81,66,5.787090874363224,4.101394417055754,22.25117221023624,78.4,A
IT,Yes,No,64,67,63,64,71,1.2432505721383222,7.55553709633533,21.03993323362162,65.8,C
IT,Yes,No,80,83,86,85,65,5.549664687161224,7.015072808180209,20.550229720224515,79.8,A
Civil,No,No,73,78,75,70,84,5.226210019942795,4.421060649921701,19.317070396417236,76.0,B
Mechanical,No,Yes,60,66,65,64,74,3.8420877533175344,7.938742215660956,24.262233962532406,65.8,C
IT,No,Yes,53,51,44,53,66,4.580558553359472,5.062713862011349,28.394995788232283,53.4,F
Mechanical,No,Yes,68,65,63,67,85,5.269870449701301,6.241893928694007,27.867393588030367,69.6,C
IT,No,Yes,70,72,70,73,62,1.0050180109460585,7.747413720364062,9.11313430982031,69.4,B
IT,Yes,Yes,65,67,60,65,97,1.4663546115722301,6.064203289367171,13.649312195175648,70.8,C
Mechanical,Yes,Yes,71,77,70,70,65,2.859266203664904,6.81741182588852,25.06914178655095,70.6,B
IT,Yes,No,94,96,91,94,97,5.766823790667711,4.758779392698709,20.47370482519304,94.4,A+
Civil,No,No,99,93,99,94,81,4.317448540812719,6.865588447832396,11.773567457909135,93.2,A+
EEE,No,No,83,88,83,88,72,3.243942570526472,4.374080494391638,15.677811160483353,82.8,A
Civil,Yes,Yes,78,76,75,78,66,2.2518874795545956,7.607664431351531,14.929672157928222,74.6,B
Mechanical,Yes,No,94,93,90,97,60,1.2357348271212483,7.51674309040499,11.084917080463262,86.8,A+
Civil,No,No,86,87,87,85,85,5.5880518490846285,4.932750217686465,26.61007467985994,86.0,A
EEE,Yes,Yes,37,39,45,49,55,2.5636000647915824,4.133142197053828,17.571092766078387,45.0,F
Mechanical,Yes,Yes,68,66,67,64,96,1.0400465207937524,6.605279588904957,10.061554590970784,72.2,C
IT,No,No,76,72,72,72,87,1.7088562669118676,7.490296077190578,17.690918066408685,75.8,B
Mechanical,Yes,Yes,40,38,51,53,53,5.477511093551092,4.138891472374609,22.265380003770677,47.0,F
EEE,Yes,Yes,82,86,80,88,97,3.5360544300014336,7.30556124640222,22.53747753662915,86.6,A
EEE,No,Yes,39,46,34,47,46,6.155900420788911,4.349800626011015,5.506234494752303,42.4,F
EEE,Yes,No,86,83,83,85,84,4.30573949261611,5.297315516547867,28.803597926908786,84.2,A
Mechanical,No,No,30,55,43,58,30,6.014317190796867,7.991538832913842,13.712644995789775,43.2,F
IT,Yes,No,76,75,70,73,94,7.686699378011406,7.550897591573284,12.954686986409717,77.6,B
IT,No,Yes,65,67,62,61,75,5.123272584258384,5.017009610458175,11.474961363202492,66.0,C
IT,No,Yes,85,84,87,81,91,3.5323781834579613,6.097018882150946,21.76818313606502,85.6,A
Civil,Yes,No,86,82,85,88,75,5.916837561063414,5.1978308957370185,11.721422822604293,83.2,A
IT,No,Yes,93,98,99,95,61,6.162508736768238,5.808871763559228,10.61512057349955,89.2,A+
EEE,Yes,Yes,76,71,76,76,80,1.5497536995495909,5.425618943398659,23.691295614124446,75.8,B
Mechanical,Yes,No,51,33,47,36,60,3.8085037939793023,7.182253450009078,24.09010897907488,45.4,F
Mechanical,No,Yes,62,63,65,63,82,5.574023469220535,5.53763572366074,21.81621848580928,67.0,C
EEE,Yes,No,88,85,85,82,60,3.896792257245571,4.8166662366729724,6.0585569693095955,80.0,A
IT,Yes,Yes,81,83,86,84,77,4.2153200856038,7.008514798174285,27.638470948222526,82.2,A
EEE,Yes,Yes,70,70,75,70,80,4.558841836512389,4.62951405947547,21.774367737144622,73.0,B
EEE,No,No,74,76,76,74,63,2.945068301007259,7.986690434211168,27.331665906676935,72.6,B
EEE,No,No,78,73,72,71,68,7.796332980149086,5.494422638136236,22.036515312929282,72.4,B
EEE,Yes,Yes,85,83,80,80,64,2.7826318050271275,7.992780217911143,9.698148946844885,78.4,A
Mechanical,Yes,Yes,95,93,92,92,65,1.8523333778769235,5.9129360921922895,17.65268887116877,87.4,A+
Mechanical,Yes,Yes,91,99,98,97,84,2.9697367240426873,5.010596375843541,5.1270534954506495,93.8,A+
IT,No,No,77,73,75,72,71,3.6876422598408083,6.947267327318801,16.8985554386931,73.6,B
Civil,No,Yes,95,94,93,91,90,4.521953810060614,7.4259593647532895,21.467340790473624,92.6,A+
Civil,No,Yes,74,78,78,75,82,1.8642450161151523,7.92020777190594,14.842979241325938,77.4,B
EEE,No,No,98,95,90,90,65,2.247767268332491,6.743645084199455,29.778160795532592,87.6,A+
Mechanical,Yes,Yes,64,63,60,67,61,7.2131229350320085,6.26556288252439,22.03837500521177,63.0,C
Civil,No,Yes,36,35,53,51,39,5.1796861092726445,5.955744467505244,21.644216095301033,42.8,F
EEE,No,No,97,94,91,94,65,2.1295396073876858,4.334217350042759,5.478224160932175,88.2,A+
EEE,Yes,No,94,96,93,92,60,7.997996629091398,4.602085966653654,25.418923252988204,87.0,A+
Mechanical,No,No,80,86,86,80,91,1.1107622039777456,6.091040566247479,16.77168390557942,84.6,A
IT,Yes,Yes,55,52,54,34,35,1.9842406285356875,4.284707195454708,18.94261904766678,46.0,F
Civil,Yes,No,94,92,96,98,87,7.35759942090226,7.034861284655683,19.928882649757547,93.4,A+
IT,Yes,Yes,87,86,87,88,91,5.540780673501551,7.59699567315681,20.58763278118343,87.8,A
Civil,No,Yes,64,61,61,66,66,7.566196891551272,6.89599949647825,18.774731112405583,63.6,C
Mechanical,No,Yes,76,77,74,73,82,1.830589922373766,6.281549301470124,27.658855277391154,76.4,B
IT,No,No,76,76,71,74,82,4.291743597301281,7.817790779411954,7.891880591202914,75.8,B
EEE,Yes,No,61,65,67,65,74,3.093812921283704,7.033698902830167,10.140122975978334,66.4,C
Civil,Yes,Yes,84,87,83,87,90,4.825334527177635,4.365412970894223,23.91616373380997,86.2,A
Civil,No,No,70,76,75,77,72,6.927481190181805,6.402959097801574,22.04582580082147,74.0,B
EEE,Yes,Yes,62,66,61,66,93,6.91083928604446,5.813198954586172,23.16103395268542,69.6,C
Mechanical,No,Yes,80,86,83,84,87,2.2792581619120513,5.27618029732896,15.387851576551649,84.0,A
IT,No,No,45,46,31,45,65,3.167586920663228,4.122637960600789,8.750484044746552,46.4,F
Mechanical,No,No,98,90,92,93,60,1.3282752745385396,5.074689928101229,5.5546185507575405,86.6,A+
IT,Yes,Yes,56,46,58,52,42,5.035218995214637,7.7355737525994535,13.077218682363807,50.8,F
Civil,Yes,Yes,93,99,96,98,98,2.595546137793592,5.708431154505025,25.45036914806233,96.8,A+
EEE,Yes,Yes,75,74,70,75,74,4.454502548508317,4.713593007714325,17.82673557158595,73.6,B
Civil,No,Yes,77,78,78,77,62,5.2294383590431295,7.519408192154864,13.116531679629851,74.4,B
Mechanical,Yes,No,80,86,85,88,82,5.091801792816208,7.877287249136716,14.445980343179667,84.2,A
Civil,Yes,No,99,92,99,99,95,5.254268781669568,4.981409256664844,6.44330398062793,96.8,A+
EEE,Yes,Yes,99,98,98,98,61,5.866011878333157,5.6172750724171685,15.704990373140369,90.8,A+
Civil,No,No,81,86,81,81,83,3.9257795560972095,5.0047680184178684,13.014189650412476,82.4,A
IT,Yes,Yes,91,99,90,97,77,3.63195022958918,6.200367761832624,14.716319965746175,90.8,A+
EEE,Yes,Yes,81,88,82,87,87,2.8375720333821595,4.209388713725252,10.77448276320159,85.0,A
Civil,No,Yes,78,73,77,77,81,3.4849652872684747,4.290188051946608,21.830106150395235,77.2,B
IT,Yes,No,77,72,72,76,95,6.177351792570964,5.9969716300990985,11.807141517703355,78.4,B
EEE,Yes,No,99,97,94,94,73,7.222211968025408,6.1780230761969115,10.111522151367794,91.4,A+
EEE,No,Yes,54,43,44,57,52,5.003617536849014,7.947980309817492,25.64658552605797,50.0,F
Mechanical,Yes,Yes,87,83,82,82,87,7.935241665752532,7.531292650713975,16.824764842453817,84.2,A
EEE,No,No,56,45,34,44,52,2.1635071130916854,5.124612056455719,18.03335214291836,46.2,F
Civil,No,No,95,92,94,96,75,5.814054297013925,6.890827830792913,22.3133107884277,90.4,A+
IT,No,Yes,40,52,43,32,56,7.705387856231035,7.07854786716565,20.100449914379453,44.6,F
EEE,Yes,Yes,75,77,70,78,91,4.995971178810189,6.108283754053833,5.955069593934777,78.2,B
EEE,No,Yes,62,60,61,66,65,3.965100788153552,6.810508425294609,28.569300027631915,62.8,C
IT,No,No,50,57,40,51,54,7.390010829750711,4.808860349835893,18.57374844870282,50.4,F
Civil,No,No,64,60,67,68,83,7.653852603606294,6.501590519521651,25.424211261871903,68.4,C
Mechanical,Yes,Yes,87,82,80,83,63,3.4206426888729746,6.684372628343905,25.13575107614948,79.0,A
IT,Yes,Yes,44,50,51,33,61,1.6373769521662511,5.004400894826138,12.123245138127857,47.8,F
EEE,Yes,Yes,71,74,73,74,71,1.0755887467265839,6.804045068380162,7.831743826617145,72.6,B
Civil,Yes,Yes,52,33,45,49,67,5.890061900169531,6.469826321591041,19.370130621807018,49.2,F
Mechanical,Yes,Yes,99,97,92,99,60,4.374287406784578,4.784390850953572,20.269501776894206,89.4,A+
Civil,No,Yes,78,70,73,77,83,2.2326250156069776,6.973331654262626,11.301747171254288,76.2,B
Mechanical,Yes,No,93,93,91,95,91,5.217872146900055,5.459192876578118,14.661521028978678,92.6,A+
IT,Yes,No,91,93,95,96,71,5.420921540647644,6.932452089661124,8.289192128181496,89.2,A+
Civil,No,Yes,60,65,68,63,73,6.879017008718293,5.1687072135281795,28.275714906939065,65.8,C
EEE,No,No,87,82,83,85,82,7.0774215304528525,5.656526058316393,22.446609883803607,83.8,A
Civil,No,No,84,82,85,85,90,5.943109514833378,5.235823960272611,8.31611444002383,85.2,A
EEE,No,No,85,86,87,80,73,1.864965411811033,4.4947634024550425,19.581904928477414,82.2,A
IT,No,Yes,66,60,63,65,60,7.415278440662396,6.5123339062857415,26.008405955527078,62.8,C
Mechanical,No,Yes,58,46,45,47,36,7.698833327972174,5.847093217245165,5.735651662517231,46.4,F
EEE,Yes,Yes,44,36,41,45,38,2.844580154542334,7.609231893768396,12.108597745494833,40.8,F
Mechanical,Yes,Yes,71,75,70,71,91,5.234585692384285,6.456362951902807,18.29776742203256,75.6,B
Mechanical,No,Yes,84,88,81,88,83,1.7804138148714737,6.281637965614566,19.53910511094972,84.8,A
Civil,No,Yes,65,60,64,60,82,5.56260072366747,4.755033911736415,6.5754194718842705,66.2,C
Mechanical,Yes,Yes,71,76,75,78,84,5.143400830933491,6.945119595133686,19.283488211326926,76.8,B
EEE,No,No,74,74,70,77,72,7.395046079818864,6.1014419272779925,23.12275679590211,73.4,B
IT,Yes,No,64,62,66,64,71,2.497732115885568,7.888168376706494,8.569621253489117,65.4,C
Civil,No,Yes,32,50,52,34,67,6.625937968116321,7.916932333188978,24.883133850204697,47.0,F
Civil,Yes,Yes,63,68,61,64,86,2.476144884251465,4.95491524764458,27.940829773042754,68.4,C
IT,Yes,No,74,73,73,77,70,2.2082637903159217,4.010528622318352,16.272591327328705,73.4,B
IT,Yes,No,95,96,91,94,94,4.371443925744036,4.707548580575418,14.67696900839077,94.0,A+
IT,No,No,94,90,97,94,64,1.3617720481802538,6.1254185262725915,18.515878040252662,87.8,A+
EEE,Yes,Yes,88,85,86,81,68,5.1873124995697,6.407305394532191,6.6125189671640445,81.6,A
Civil,Yes,No,84,88,86,86,97,4.788890776591747,6.582288725709712,6.1396289487167195,88.2,A
IT,No,No,64,64,64,63,83,7.546752200760331,5.196257238435372,13.979098465848828,67.6,C
EEE,No,Yes,68,67,68,64,62,1.2530686237890243,5.285685111246682,24.088780851484632,65.8,C
EEE,Yes,Yes,46,46,32,30,53,5.943597189705816,7.975647952927128,22.18862263820827,41.4,F
Civil,Yes,No,67,60,67,60,84,2.607111162247614,4.7032395336423605,13.064459862583389,67.6,C
IT,Yes,No,99,90,95,95,72,4.199001534971748,6.41583148829005,17.557208686563254,90.2,A+
IT,No,Yes,63,66,62,64,60,1.7455814592226102,4.5093951055035415,27.609420841524816,63.0,C
Civil,Yes,Yes,75,71,76,73,89,6.531819327591856,5.183011338481318,17.39134802208118,76.8,B
Mechanical,Yes,No,80,88,84,84,97,2.0301427576646174,5.191908941983375,7.243987514003928,86.6,A
Civil,Yes,No,63,68,66,60,95,5.024374117449743,4.849658930092861,10.208172943201037,70.4,C
EEE,No,No,81,88,83,83,74,1.789883811618191,7.480099702080663,20.902640866090465,81.8,A
Mechanical,Yes,No,91,99,98,96,81,1.5720774202274477,5.833202566114625,17.117407178251174,93.0,A+
Civil,No,Yes,93,96,92,95,87,3.0694358008639977,4.421977039321082,16.413364262072754,92.6,A+
Mechanical,No,No,99,94,94,99,72,6.867857516819934,6.837531868349563,28.72114889577826,91.6,A+
Mechanical,Yes,Yes,86,81,88,83,88,2.697809936080795,5.166773802886344,28.10773917631395,85.2,A
Mechanical,Yes,No,93,98,90,91,61,4.034305629289441,7.988729415611802,18.976482123665054,86.6,A+
Mechanical,No,Yes,68,62,64,62,74,7.593334809868304,6.120353987657696,25.78310178213124,66.0,C
IT,Yes,No,98,95,93,98,96,4.322416130248698,7.376681795876788,25.14175382375133,96.0,A+
Civil,No,Yes,73,76,78,73,95,4.42525923232585,6.050304863696846,11.694357865102937,79.0,B
EEE,No,Yes,92,92,93,96,92,7.557109921157141,4.550083776583973,13.526658776256463,93.0,A+
Mechanical,Yes,Yes,85,85,88,87,67,2.3474520544507893,4.407515056558227,27.77801253479894,82.4,A
Civil,Yes,Yes,57,30,56,49,58,5.813235706956553,5.397059623390556,17.795694016563864,50.0,F
IT,Yes,Yes,61,67,68,67,85,4.776546017890068,6.76368228028478,15.533495415276208,69.6,C
IT,Yes,No,77,77,76,75,67,3.5910354284529187,4.284621023530324,27.352682945118335,74.4,B
Civil,No,Yes,67,61,65,68,94,7.3902718621436385,7.019726932288953,10.67815913979664,71.0,C
Civil,Yes,No,78,70,71,75,70,2.778217124592902,7.928540737744601,29.57549995190896,72.8,B
IT,Yes,Yes,64,66,60,61,81,1.156111934290505,6.438020489797724,14.19580560802391,66.4,C
IT,No,Yes,62,67,64,67,91,3.6536070613419653,4.038342560577578,12.096153708653414,70.2,C
Mechanical,No,Yes,36,57,48,46,59,1.287695207471127,5.9826575291876765,5.320458336639843,49.2,F
EEE,No,Yes,80,80,82,82,71,4.682577628921821,7.037243420600821,22.81664047466361,79.0,A
Civil,No,No,30,39,51,41,39,2.368838788492715,6.920043955098311,25.036325695601185,40.0,F
EEE,Yes,No,86,83,80,87,62,2.5197226062892324,6.168108278665519,29.205221021572637,79.6,A
EEE,Yes,No,77,72,71,77,82,4.936648662690815,6.683306723103741,22.57734759398582,75.8,B
IT,Yes,No,93,97,94,90,95,3.568692554433605,5.374241899102816,20.428894584891168,93.8,A+
Mechanical,Yes,No,52,53,54,47,67,7.863214195982041,6.152460501978086,16.379583683356543,54.6,F
Civil,Yes,No,76,73,75,73,74,1.808625300748875,7.877444979983104,28.990653844743278,74.2,B
IT,Yes,Yes,80,86,82,87,71,7.758625427643365,5.509393908921247,11.455670331499574,81.2,A
EEE,No,Yes,68,65,65,60,84,4.557101145921033,5.3808161241591375,9.647542788906675,68.4,C
IT,No,Yes,47,50,38,37,51,4.5282660534013015,6.733810973684202,19.698343325856612,44.6,F
Civil,No,Yes,88,86,85,84,84,1.637984476112743,5.14360213508481,21.80974531996761,85.4,A
IT,Yes,No,71,75,70,74,97,5.2629937773635,5.152847873792425,9.007725987889222,77.4,B
EEE,Yes,No,88,81,88,81,71,1.1949073530418937,6.490929129171333,25.168939094728152,81.8,A
Civil,Yes,Yes,65,66,68,66,61,7.111044155688954,5.347655346365842,20.492396385107426,65.2,C
EEE,Yes,No,72,76,70,71,92,5.194942624765143,7.229911742607635,7.733897577736971,76.2,B
IT,Yes,Yes,80,81,86,81,98,6.160534564999133,6.50925654804105,16.792469172280235,85.2,A
Civil,No,Yes,94,92,98,93,97,6.317076870802422,7.952262266611096,27.53240026936622,94.8,A+
IT,No,No,98,91,96,99,94,6.720555401408511,6.22080324639785,18.24126445890016,95.6,A+
Civil,Yes,Yes,65,61,68,63,82,7.079545294797738,6.557698560706283,16.187724142158498,67.8,C
Civil,Yes,Yes,88,88,82,83,93,1.1659542755116288,7.339788822777615,29.367264901213787,86.8,A
EEE,No,Yes,72,70,71,71,82,5.271250033656493,4.615896518975316,24.84293564463031,73.2,B
Civil,Yes,No,99,91,92,99,73,1.8101632467509376,4.6172862611323175,9.296212033177362,90.8,A+
EEE,No,Yes,75,74,74,73,93,6.529052347248771,6.473385228181829,7.827493485595562,77.8,B
IT,No,Yes,68,67,60,63,66,4.059869916180087,6.821134496157249,19.187146944589905,64.8,C
Mechanical,Yes,Yes,98,96,92,92,61,4.264168292981191,4.30279890923915,14.695652247923281,87.8,A+
Mechanical,No,Yes,75,73,70,71,68,4.453391116366664,4.160276345393067,29.60804947035103,71.4,B
Mechanical,No,No,67,60,64,67,77,7.419319131081332,5.578419806644963,9.49611117088853,67.0,C
Mechanical,Yes,No,66,62,67,60,60,7.572245031555136,7.121758559644709,28.031203708192365,63.0,C
IT,No,No,94,98,92,98,95,6.337380191328871,6.169884013850624,8.740036238173813,95.4,A+
EEE,No,No,80,80,88,83,78,3.374661383702069,5.992794878246741,15.966694300789387,81.8,A
Civil,Yes,Yes,68,60,68,66,61,6.376517900674339,4.657191935809889,23.831488464895468,64.6,C
Mechanical,Yes,No,43,38,35,34,30,2.785807753366005,5.596526809600124,25.19155194163865,36.0,F
IT,No,Yes,97,93,95,94,69,2.5434034634912273,4.7457530485770185,24.489611839168834,89.6,A+
IT,Yes,No,40,31,53,52,34,3.418750252440383,5.488480784032115,20.24328382974802,42.0,F
EEE,No,Yes,73,70,74,78,72,1.6458830319393394,6.918067714292489,13.682191653816865,73.4,B
Civil,Yes,Yes,78,70,78,75,85,5.506239727100463,5.34036973707337,5.86259691245815,77.2,B
IT,Yes,No,68,67,66,62,61,5.5199724132194605,7.942978808040118,10.347393409369793,64.8,C
IT,No,No,99,98,91,97,67,7.297672117045212,6.49640617672735,18.494526547865824,90.4,A+
Mechanical,No,No,67,67,64,60,74,7.8692980379690995,6.073260460810089,28.19095747975368,66.4,C
Civil,No,Yes,90,96,90,93,83,4.492269651751593,4.04841246710443,5.225961726982304,90.4,A+
EEE,No,No,63,62,61,62,97,5.150919421477569,7.02367165850055,21.120964900504912,69.0,C
Mechanical,Yes,Yes,83,85,83,83,95,3.879127804463619,4.962126340720594,21.80959608229259,85.8,A
Mechanical,No,No,99,96,90,96,85,3.1899839955391127,4.482090315145857,23.275591786457042,93.2,A+
EEE,Yes,Yes,44,47,36,44,51,1.660188560239233,5.712512202840567,29.581440274039245,44.4,F
Mechanical,Yes,Yes,77,70,72,70,67,2.8612666941908342,5.753759379846101,5.757330661990641,71.2,B
EEE,Yes,No,32,39,41,39,63,7.037638643586839,4.79189302213987,28.01918474646333,42.8,F
Civil,No,No,78,74,72,72,78,2.6347926134845783,7.978102993532134,28.91427143630399,74.8,B
EEE,No,Yes,72,71,70,78,90,1.721291854016879,4.909793016259199,5.078041283910241,76.2,B
Civil,Yes,Yes,65,66,63,66,74,3.259701483996903,6.181952592227848,8.681845212458168,66.8,C
Mechanical,No,Yes,73,70,78,72,85,7.713786043974057,7.724361162032059,24.734483140089427,75.6,B
EEE,Yes,No,66,62,65,63,62,3.8041676187369067,4.769372625900086,11.768068954899583,63.6,C
IT,No,No,73,76,76,77,77,6.107246544647398,4.400965481070365,22.944013620405773,75.8,B
